,PRODUCT_ID,EVENTTIME,GLASS_ID,EVA_CHAMBER,MASK_ID,MASK_SET,PORT,LINE,POS_X,POS_Y,X_Label,Y_Label,PPA_X,PPA_Y,OFFSET_X,OFFSET_Y,OFFSET_tht
0,G2647FB101FQ-007E,2019-06-14 08:23:29,L2E9521A1071,OC_4,1F1B647FH1A002,A002,A,2,-671.79,408.856,1,1,-5.6942,-0.7305,-1.5,-4.0,10.0
1,G2647FB101FQ-007E,2019-06-14 08:23:29,L2E9521A1071,OC_4,1F1B647FH1A002,A002,A,2,522.546,77.047,17,3,-3.7827,-4.9385,-1.5,-4.0,10.0
2,G2647FB101FQ-007E,2019-06-14 08:23:29,L2E9521A1071,OC_4,1F1B647FH1A002,A002,A,2,522.546,-420.573,17,6,2.9224,0.9554,-1.5,-4.0,10.0
3,G2647FB101FQ-007E,2019-06-14 08:23:29,L2E9521A1071,OC_4,1F1B647FH1A002,A002,A,2,597.192,77.05,18,3,1.3853,-5.2613,-1.5,-4.0,10.0
4,G2647FB101FQ-007E,2019-06-14 08:23:29,L2E9521A1071,OC_4,1F1B647FH1A002,A002,A,2,597.192,-420.57,18,6,2.6818,0.9131,-1.5,-4.0,10.0
5,G2647FB101FQ-007E,2019-06-14 08:23:29,L2E9521A1071,OC_4,1F1B647FH1A002,A002,A,2,671.838,77.051,19,3,4.8131,-3.9884,-1.5,-4.0,10.0
6,G2647FB101FQ-007E,2019-06-14 08:23:29,L2E9521A1071,OC_4,1F1B647FH1A002,A002,A,2,671.838,-420.571,19,6,4.0285,-2.0867,-1.5,-4.0,10.0
7,G2647FB101FQ-007E,2019-06-14 08:23:29,L2E9521A1071,OC_4,1F1B647FH1A002,A002,A,2,447.9,-420.572,16,6,2.2392,-0.1508,-1.5,-4.0,10.0
8,G2647FB101FQ-007E,2019-06-14 08:23:29,L2E9521A1071,OC_4,1F1B647FH1A002,A002,A,2,447.9,77.046,16,3,0.1087,-4.0621,-1.5,-4.0,10.0
9,G2647FB101FQ-007E,2019-06-14 08:23:29,L2E9521A1071,OC_4,1F1B647FH1A002,A002,A,2,373.254,77.045,15,3,-1.4813,-3.8859,-1.5,-4.0,10.0
10,G2647FB101FQ-007E,2019-06-14 08:23:29,L2E9521A1071,OC_4,1F1B647FH1A002,A002,A,2,-298.56,-420.581,6,6,-3.8129,0.2083,-1.5,-4.0,10.0
11,G2647FB101FQ-007E,2019-06-14 08:23:29,L2E9521A1071,OC_4,1F1B647FH1A002,A002,A,2,-223.914,77.036,7,3,3.7903,-0.4642,-1.5,-4.0,10.0
12,G2647FB101FQ-007E,2019-06-14 08:23:29,L2E9521A1071,OC_4,1F1B647FH1A002,A002,A,2,-223.914,-420.58,7,6,-1.1306,1.7872,-1.5,-4.0,10.0
13,G2647FB101FQ-007E,2019-06-14 08:23:29,L2E9521A1071,OC_4,1F1B647FH1A002,A002,A,2,-149.268,77.036,8,3,4.3759,0.0138,-1.5,-4.0,10.0
14,G2647FB101FQ-007E,2019-06-14 08:23:29,L2E9521A1071,OC_4,1F1B647FH1A002,A002,A,2,-149.268,-420.579,8,6,-1.7794,1.421,-1.5,-4.0,10.0
15,G2647FB101FQ-007E,2019-06-14 08:23:29,L2E9521A1071,OC_4,1F1B647FH1A002,A002,A,2,-74.622,77.038,9,3,4.3755,0.4411,-1.5,-4.0,10.0
16,G2647FB101FQ-007E,2019-06-14 08:23:29,L2E9521A1071,OC_4,1F1B647FH1A002,A002,A,2,-74.622,-420.578,9,6,-1.7023,4.0886,-1.5,-4.0,10.0
17,G2647FB101FQ-007E,2019-06-14 08:23:29,L2E9521A1071,OC_4,1F1B647FH1A002,A002,A,2,0.024,77.039,10,3,4.6682,0.1849,-1.5,-4.0,10.0
18,G2647FB101FQ-007E,2019-06-14 08:23:29,L2E9521A1071,OC_4,1F1B647FH1A002,A002,A,2,0.024,-420.577,10,6,-1.8278,4.3391,-1.5,-4.0,10.0
19,G2647FB101FQ-007E,2019-06-14 08:23:29,L2E9521A1071,OC_4,1F1B647FH1A002,A002,A,2,74.67,77.04,11,3,4.1346,0.3444,-1.5,-4.0,10.0
20,G2647FB101FQ-007E,2019-06-14 08:23:29,L2E9521A1071,OC_4,1F1B647FH1A002,A002,A,2,74.67,-420.577,11,6,-2.5929,4.9591,-1.5,-4.0,10.0
21,G2647FB101FQ-007E,2019-06-14 08:23:29,L2E9521A1071,OC_4,1F1B647FH1A002,A002,A,2,149.316,77.039,12,3,2.0787,-1.6204,-1.5,-4.0,10.0
22,G2647FB101FQ-007E,2019-06-14 08:23:29,L2E9521A1071,OC_4,1F1B647FH1A002,A002,A,2,149.316,-420.578,12,6,-2.2809,1.4228,-1.5,-4.0,10.0
23,G2647FB101FQ-007E,2019-06-14 08:23:29,L2E9521A1071,OC_4,1F1B647FH1A002,A002,A,2,223.962,77.04,13,3,-2.7245,-1.8201,-1.5,-4.0,10.0
24,G2647FB101FQ-007E,2019-06-14 08:23:29,L2E9521A1071,OC_4,1F1B647FH1A002,A002,A,2,223.962,-420.576,13,6,-1.1736,-2.2645,-1.5,-4.0,10.0
25,G2647FB101FQ-007E,2019-06-14 08:23:29,L2E9521A1071,OC_4,1F1B647FH1A002,A002,A,2,298.608,77.042,14,3,-3.4552,-2.098,-1.5,-4.0,10.0
26,G2647FB101FQ-007E,2019-06-14 08:23:29,L2E9521A1071,OC_4,1F1B647FH1A002,A002,A,2,298.608,-420.574,14,6,0.5267,-2.2856,-1.5,-4.0,10.0
27,G2647FB101FQ-007E,2019-06-14 08:23:29,L2E9521A1071,OC_4,1F1B647FH1A002,A002,A,2,373.254,-420.572,15,6,-0.0324,0.6498,-1.5,-4.0,10.0
28,G2647FB101FQ-007E,2019-06-14 08:23:29,L2E9521A1071,OC_4,1F1B647FH1A002,A002,A,2,-298.56,77.036,6,3,7.9698,-0.6949,-1.5,-4.0,10.0
29,G2647FB101FQ-007E,2019-06-14 08:23:29,L2E9521A1071,OC_4,1F1B647FH1A002,A002,A,2,-373.206,-420.583,5,6,-4.036,4.0388,-1.5,-4.0,10.0
30,G2647FB101FQ-007E,2019-06-14 08:23:29,L2E9521A1071,OC_4,1F1B647FH1A002,A002,A,2,-373.206,77.035,5,3,5.254,-3.582,-1.5,-4.0,10.0
31,G2647FB101FQ-007E,2019-06-14 08:23:29,L2E9521A1071,OC_4,1F1B647FH1A002,A002,A,2,-447.852,-420.585,4,6,-4.768,2.4695,-1.5,-4.0,10.0
32,G2647FB101FQ-007E,2019-06-14 08:23:29,L2E9521A1071,OC_4,1F1B647FH1A002,A002,A,2,149.316,-88.771,12,4,1.8837,0.9646,-1.5,-4.0,10.0
33,G2647FB101FQ-007E,2019-06-14 08:23:29,L2E9521A1071,OC_4,1F1B647FH1A002,A002,A,2,223.962,408.858,13,1,-1.4566,0.8428,-1.5,-4.0,10.0
34,G2647FB101FQ-007E,2019-06-14 08:23:29,L2E9521A1071,OC_4,1F1B647FH1A002,A002,A,2,223.962,-88.771,13,4,-2.0855,0.6183,-1.5,-4.0,10.0
35,G2647FB101FQ-007E,2019-06-14 08:23:29,L2E9521A1071,OC_4,1F1B647FH1A002,A002,A,2,298.608,408.862,14,1,-1.2005,0.3458,-1.5,-4.0,10.0
36,G2647FB101FQ-007E,2019-06-14 08:23:29,L2E9521A1071,OC_4,1F1B647FH1A002,A002,A,2,298.608,-88.768,14,4,-2.8773,-0.4518,-1.5,-4.0,10.0
37,G2647FB101FQ-007E,2019-06-14 08:23:29,L2E9521A1071,OC_4,1F1B647FH1A002,A002,A,2,373.254,408.864,15,1,-1.7887,-3.6833,-1.5,-4.0,10.0
38,G2647FB101FQ-007E,2019-06-14 08:23:29,L2E9521A1071,OC_4,1F1B647FH1A002,A002,A,2,373.254,-88.766,15,4,-1.0313,0.5661,-1.5,-4.0,10.0
39,G2647FB101FQ-007E,2019-06-14 08:23:29,L2E9521A1071,OC_4,1F1B647FH1A002,A002,A,2,447.9,408.864,16,1,-1.223,-4.4793,-1.5,-4.0,10.0
40,G2647FB101FQ-007E,2019-06-14 08:23:29,L2E9521A1071,OC_4,1F1B647FH1A002,A002,A,2,447.9,-88.766,16,4,-0.7073,0.1461,-1.5,-4.0,10.0
41,G2647FB101FQ-007E,2019-06-14 08:23:29,L2E9521A1071,OC_4,1F1B647FH1A002,A002,A,2,522.546,408.865,17,1,2.0361,-4.9793,-1.5,-4.0,10.0
42,G2647FB101FQ-007E,2019-06-14 08:23:29,L2E9521A1071,OC_4,1F1B647FH1A002,A002,A,2,522.546,-88.766,17,4,-3.0455,-0.7304,-1.5,-4.0,10.0
43,G2647FB101FQ-007E,2019-06-14 08:23:29,L2E9521A1071,OC_4,1F1B647FH1A002,A002,A,2,597.192,408.868,18,1,0.7853,-4.572,-1.5,-4.0,10.0
44,G2647FB101FQ-007E,2019-06-14 08:23:29,L2E9521A1071,OC_4,1F1B647FH1A002,A002,A,2,597.192,-88.763,18,4,0.7617,-2.1909,-1.5,-4.0,10.0
45,G2647FB101FQ-007E,2019-06-14 08:23:29,L2E9521A1071,OC_4,1F1B647FH1A002,A002,A,2,671.838,408.869,19,1,2.3906,-3.5387,-1.5,-4.0,10.0
46,G2647FB101FQ-007E,2019-06-14 08:23:29,L2E9521A1071,OC_4,1F1B647FH1A002,A002,A,2,671.838,-88.763,19,4,4.8726,-3.395,-1.5,-4.0,10.0
47,G2647FB101FQ-007E,2019-06-14 08:23:29,L2E9521A1071,OC_4,1F1B647FH1A002,A002,A,2,671.838,242.962,19,2,2.8191,-4.3179,-1.5,-4.0,10.0
48,G2647FB101FQ-007E,2019-06-14 08:23:29,L2E9521A1071,OC_4,1F1B647FH1A002,A002,A,2,671.838,-254.644,19,5,3.7486,-2.6522,-1.5,-4.0,10.0
49,G2647FB101FQ-007E,2019-06-14 08:23:29,L2E9521A1071,OC_4,1F1B647FH1A002,A002,A,2,149.316,408.856,12,1,-3.4371,-0.0148,-1.5,-4.0,10.0
50,G2647FB101FQ-007E,2019-06-14 08:23:29,L2E9521A1071,OC_4,1F1B647FH1A002,A002,A,2,74.67,-88.772,11,4,2.9242,3.4258,-1.5,-4.0,10.0
51,G2647FB101FQ-007E,2019-06-14 08:23:29,L2E9521A1071,OC_4,1F1B647FH1A002,A002,A,2,74.67,408.857,11,1,-2.1191,-0.0612,-1.5,-4.0,10.0
52,G2647FB101FQ-007E,2019-06-14 08:23:29,L2E9521A1071,OC_4,1F1B647FH1A002,A002,A,2,0.024,-88.772,10,4,4.4101,3.3607,-1.5,-4.0,10.0
53,G2647FB101FQ-007E,2019-06-14 08:23:29,L2E9521A1071,OC_4,1F1B647FH1A002,A002,A,2,-671.79,-88.776,1,4,-4.9644,0.7913,-1.5,-4.0,10.0
54,G2647FB101FQ-007E,2019-06-14 08:23:29,L2E9521A1071,OC_4,1F1B647FH1A002,A002,A,2,-597.144,408.853,2,1,-7.0921,-1.5879,-1.5,-4.0,10.0
55,G2647FB101FQ-007E,2019-06-14 08:23:29,L2E9521A1071,OC_4,1F1B647FH1A002,A002,A,2,-597.144,-88.778,2,4,-0.4113,0.7866,-1.5,-4.0,10.0
56,G2647FB101FQ-007E,2019-06-14 08:23:29,L2E9521A1071,OC_4,1F1B647FH1A002,A002,A,2,-522.498,408.852,3,1,-7.3437,-4.111,-1.5,-4.0,10.0
57,G2647FB101FQ-007E,2019-06-14 08:23:29,L2E9521A1071,OC_4,1F1B647FH1A002,A002,A,2,-522.498,-88.78,3,4,1.8823,0.4005,-1.5,-4.0,10.0
58,G2647FB101FQ-007E,2019-06-14 08:23:29,L2E9521A1071,OC_4,1F1B647FH1A002,A002,A,2,-447.852,408.853,4,1,-5.4326,-5.8364,-1.5,-4.0,10.0
59,G2647FB101FQ-007E,2019-06-14 08:23:29,L2E9521A1071,OC_4,1F1B647FH1A002,A002,A,2,-447.852,-88.778,4,4,0.5037,1.3305,-1.5,-4.0,10.0
60,G2647FB101FQ-007E,2019-06-14 08:23:29,L2E9521A1071,OC_4,1F1B647FH1A002,A002,A,2,-373.206,408.854,5,1,-5.28,-4.764,-1.5,-4.0,10.0
61,G2647FB101FQ-007E,2019-06-14 08:23:29,L2E9521A1071,OC_4,1F1B647FH1A002,A002,A,2,597.192,242.962,18,2,-0.2932,-5.7518,-1.5,-4.0,10.0
62,G2647FB101FQ-007E,2019-06-14 08:23:29,L2E9521A1071,OC_4,1F1B647FH1A002,A002,A,2,-373.206,-88.776,5,4,5.0436,0.0858,-1.5,-4.0,10.0
63,G2647FB101FQ-007E,2019-06-14 08:23:29,L2E9521A1071,OC_4,1F1B647FH1A002,A002,A,2,-298.56,-88.775,6,4,7.1221,0.6033,-1.5,-4.0,10.0
64,G2647FB101FQ-007E,2019-06-14 08:23:29,L2E9521A1071,OC_4,1F1B647FH1A002,A002,A,2,-223.914,408.854,7,1,-2.192,1.1499,-1.5,-4.0,10.0
65,G2647FB101FQ-007E,2019-06-14 08:23:29,L2E9521A1071,OC_4,1F1B647FH1A002,A002,A,2,-223.914,-88.775,7,4,3.1678,1.804,-1.5,-4.0,10.0
66,G2647FB101FQ-007E,2019-06-14 08:23:29,L2E9521A1071,OC_4,1F1B647FH1A002,A002,A,2,-149.268,408.853,8,1,-2.6288,0.3498,-1.5,-4.0,10.0
67,G2647FB101FQ-007E,2019-06-14 08:23:29,L2E9521A1071,OC_4,1F1B647FH1A002,A002,A,2,-149.268,-88.774,8,4,3.3459,2.1985,-1.5,-4.0,10.0
68,G2647FB101FQ-007E,2019-06-14 08:23:29,L2E9521A1071,OC_4,1F1B647FH1A002,A002,A,2,-74.622,408.856,9,1,-2.2626,0.3482,-1.5,-4.0,10.0
69,G2647FB101FQ-007E,2019-06-14 08:23:29,L2E9521A1071,OC_4,1F1B647FH1A002,A002,A,2,-74.622,-88.773,9,4,3.982,2.5223,-1.5,-4.0,10.0
70,G2647FB101FQ-007E,2019-06-14 08:23:29,L2E9521A1071,OC_4,1F1B647FH1A002,A002,A,2,0.024,408.857,10,1,-2.4702,-1.1408,-1.5,-4.0,10.0
71,G2647FB101FQ-007E,2019-06-14 08:23:29,L2E9521A1071,OC_4,1F1B647FH1A002,A002,A,2,-298.56,408.855,6,1,-2.4503,-0.619,-1.5,-4.0,10.0
72,G2647FB101FQ-007E,2019-06-14 08:23:29,L2E9521A1071,OC_4,1F1B647FH1A002,A002,A,2,597.192,-254.643,18,5,1.6271,-1.2002,-1.5,-4.0,10.0
73,G2647FB101FQ-007E,2019-06-14 08:23:29,L2E9521A1071,OC_4,1F1B647FH1A002,A002,A,2,522.546,-254.646,17,5,-1.5849,0.4967,-1.5,-4.0,10.0
74,G2647FB101FQ-007E,2019-06-14 08:23:29,L2E9521A1071,OC_4,1F1B647FH1A002,A002,A,2,-373.206,242.947,5,2,1.811,-5.3933,-1.5,-4.0,10.0
75,G2647FB101FQ-007E,2019-06-14 08:23:29,L2E9521A1071,OC_4,1F1B647FH1A002,A002,A,2,-373.206,-254.656,5,5,1.0035,2.4726,-1.5,-4.0,10.0
76,G2647FB101FQ-007E,2019-06-14 08:23:29,L2E9521A1071,OC_4,1F1B647FH1A002,A002,A,2,-447.852,242.946,4,2,-3.3103,-5.8059,-1.5,-4.0,10.0
77,G2647FB101FQ-007E,2019-06-14 08:23:29,L2E9521A1071,OC_4,1F1B647FH1A002,A002,A,2,-447.852,-254.658,4,5,-3.4932,2.9989,-1.5,-4.0,10.0
78,G2647FB101FQ-007E,2019-06-14 08:23:29,L2E9521A1071,OC_4,1F1B647FH1A002,A002,A,2,-522.498,242.945,3,2,-1.5286,-4.8968,-1.5,-4.0,10.0
79,G2647FB101FQ-007E,2019-06-14 08:23:29,L2E9521A1071,OC_4,1F1B647FH1A002,A002,A,2,-522.498,-254.66,3,5,-2.1506,2.4386,-1.5,-4.0,10.0
80,G2647FB101FQ-007E,2019-06-14 08:23:29,L2E9521A1071,OC_4,1F1B647FH1A002,A002,A,2,-597.144,242.946,2,2,-3.4471,-1.2489,-1.5,-4.0,10.0
81,G2647FB101FQ-007E,2019-06-14 08:23:29,L2E9521A1071,OC_4,1F1B647FH1A002,A002,A,2,-597.144,-254.659,2,5,-4.4694,0.2029,-1.5,-4.0,10.0
82,G2647FB101FQ-007E,2019-06-14 08:23:29,L2E9521A1071,OC_4,1F1B647FH1A002,A002,A,2,-671.79,242.948,1,2,-6.584,0.0213,-1.5,-4.0,10.0
83,G2647FB101FQ-007E,2019-06-14 08:23:29,L2E9521A1071,OC_4,1F1B647FH1A002,A002,A,2,-671.79,-254.658,1,5,-5.2139,-0.7341,-1.5,-4.0,10.0
84,G2647FB101FQ-007E,2019-06-14 08:23:29,L2E9521A1071,OC_4,1F1B647FH1A002,A002,A,2,-671.79,77.037,1,3,-5.2228,0.5456,-1.5,-4.0,10.0
85,G2647FB101FQ-007E,2019-06-14 08:23:29,L2E9521A1071,OC_4,1F1B647FH1A002,A002,A,2,-671.79,-420.583,1,6,-3.3894,0.5233,-1.5,-4.0,10.0
86,G2647FB101FQ-007E,2019-06-14 08:23:29,L2E9521A1071,OC_4,1F1B647FH1A002,A002,A,2,-597.144,77.035,2,3,-0.5637,-1.0273,-1.5,-4.0,10.0
87,G2647FB101FQ-007E,2019-06-14 08:23:29,L2E9521A1071,OC_4,1F1B647FH1A002,A002,A,2,-597.144,-420.585,2,6,-5.4589,0.6415,-1.5,-4.0,10.0
88,G2647FB101FQ-007E,2019-06-14 08:23:29,L2E9521A1071,OC_4,1F1B647FH1A002,A002,A,2,-522.498,77.034,3,3,2.4193,-3.1637,-1.5,-4.0,10.0
89,G2647FB101FQ-007E,2019-06-14 08:23:29,L2E9521A1071,OC_4,1F1B647FH1A002,A002,A,2,-522.498,-420.586,3,6,-7.1979,2.5738,-1.5,-4.0,10.0
90,G2647FB101FQ-007E,2019-06-14 08:23:29,L2E9521A1071,OC_4,1F1B647FH1A002,A002,A,2,-447.852,77.034,4,3,1.9067,-3.3772,-1.5,-4.0,10.0
91,G2647FB101FQ-007E,2019-06-14 08:23:29,L2E9521A1071,OC_4,1F1B647FH1A002,A002,A,2,-298.56,-254.655,6,5,2.2823,1.1065,-1.5,-4.0,10.0
92,G2647FB101FQ-007E,2019-06-14 08:23:29,L2E9521A1071,OC_4,1F1B647FH1A002,A002,A,2,-298.56,242.948,6,2,2.568,-2.2425,-1.5,-4.0,10.0
93,G2647FB101FQ-007E,2019-06-14 08:23:29,L2E9521A1071,OC_4,1F1B647FH1A002,A002,A,2,-223.914,-254.654,7,5,1.0183,1.6389,-1.5,-4.0,10.0
94,G2647FB101FQ-007E,2019-06-14 08:23:29,L2E9521A1071,OC_4,1F1B647FH1A002,A002,A,2,-223.914,242.948,7,2,0.7211,-1.5763,-1.5,-4.0,10.0
95,G2647FB101FQ-007E,2019-06-14 08:23:29,L2E9521A1071,OC_4,1F1B647FH1A002,A002,A,2,447.9,242.958,16,2,-1.9861,-6.2607,-1.5,-4.0,10.0
96,G2647FB101FQ-007E,2019-06-14 08:23:29,L2E9521A1071,OC_4,1F1B647FH1A002,A002,A,2,447.9,-254.646,16,5,-0.8663,0.5871,-1.5,-4.0,10.0
97,G2647FB101FQ-007E,2019-06-14 08:23:29,L2E9521A1071,OC_4,1F1B647FH1A002,A002,A,2,373.254,242.957,15,2,-2.5817,-5.7895,-1.5,-4.0,10.0
98,G2647FB101FQ-007E,2019-06-14 08:23:29,L2E9521A1071,OC_4,1F1B647FH1A002,A002,A,2,373.254,-254.646,15,5,-1.8723,0.918,-1.5,-4.0,10.0
99,G2647FB101FQ-007E,2019-06-14 08:23:29,L2E9521A1071,OC_4,1F1B647FH1A002,A002,A,2,298.608,242.954,14,2,-3.1291,-2.0656,-1.5,-4.0,10.0
100,G2647FB101FQ-007E,2019-06-14 08:23:29,L2E9521A1071,OC_4,1F1B647FH1A002,A002,A,2,298.608,-254.647,14,5,-1.5217,-0.3657,-1.5,-4.0,10.0
101,G2647FB101FQ-007E,2019-06-14 08:23:29,L2E9521A1071,OC_4,1F1B647FH1A002,A002,A,2,223.962,242.951,13,2,-3.6961,-2.3387,-1.5,-4.0,10.0
102,G2647FB101FQ-007E,2019-06-14 08:23:29,L2E9521A1071,OC_4,1F1B647FH1A002,A002,A,2,223.962,-254.65,13,5,-1.0489,0.352,-1.5,-4.0,10.0
103,G2647FB101FQ-007E,2019-06-14 08:23:29,L2E9521A1071,OC_4,1F1B647FH1A002,A002,A,2,522.546,242.959,17,2,-2.8733,-6.7873,-1.5,-4.0,10.0
104,G2647FB101FQ-007E,2019-06-14 08:23:29,L2E9521A1071,OC_4,1F1B647FH1A002,A002,A,2,149.316,242.95,12,2,-0.2791,-2.5403,-1.5,-4.0,10.0
105,G2647FB101FQ-007E,2019-06-14 08:23:29,L2E9521A1071,OC_4,1F1B647FH1A002,A002,A,2,74.67,242.95,11,2,-1.4357,-1.027,-1.5,-4.0,10.0
106,G2647FB101FQ-007E,2019-06-14 08:23:29,L2E9521A1071,OC_4,1F1B647FH1A002,A002,A,2,74.67,-254.651,11,5,0.0162,3.9079,-1.5,-4.0,10.0
107,G2647FB101FQ-007E,2019-06-14 08:23:29,L2E9521A1071,OC_4,1F1B647FH1A002,A002,A,2,0.024,242.949,10,2,0.3511,-1.7863,-1.5,-4.0,10.0
108,G2647FB101FQ-007E,2019-06-14 08:23:29,L2E9521A1071,OC_4,1F1B647FH1A002,A002,A,2,0.024,-254.65,10,5,1.6877,2.9932,-1.5,-4.0,10.0
109,G2647FB101FQ-007E,2019-06-14 08:23:29,L2E9521A1071,OC_4,1F1B647FH1A002,A002,A,2,-74.622,242.948,9,2,1.6028,-1.4199,-1.5,-4.0,10.0
110,G2647FB101FQ-007E,2019-06-14 08:23:29,L2E9521A1071,OC_4,1F1B647FH1A002,A002,A,2,-74.622,-254.652,9,5,1.718,2.0599,-1.5,-4.0,10.0
111,G2647FB101FQ-007E,2019-06-14 08:23:29,L2E9521A1071,OC_4,1F1B647FH1A002,A002,A,2,-149.268,242.947,8,2,1.0529,-1.0222,-1.5,-4.0,10.0
112,G2647FB101FQ-007E,2019-06-14 08:23:29,L2E9521A1071,OC_4,1F1B647FH1A002,A002,A,2,-149.268,-254.654,8,5,2.1139,1.649,-1.5,-4.0,10.0
113,G2647FB101FQ-007E,2019-06-14 08:23:29,L2E9521A1071,OC_4,1F1B647FH1A002,A002,A,2,149.316,-254.651,12,5,-0.1705,1.6248,-1.5,-4.0,10.0
114,G2647FB101FQ-007E,2019-06-14 08:28:28,L2E9521A1071,OC_5,1F2G647FH1A003,A003,B,2,522.546,-420.573,17,6,8.344,4.4916,-2.0,2.5,9.0
115,G2647FB101FQ-007E,2019-06-14 08:28:28,L2E9521A1071,OC_5,1F2G647FH1A003,A003,B,2,597.192,77.05,18,3,-3.2853,-0.6789,-2.0,2.5,9.0
116,G2647FB101FQ-007E,2019-06-14 08:28:28,L2E9521A1071,OC_5,1F2G647FH1A003,A003,B,2,597.192,-420.57,18,6,6.9863,4.4523,-2.0,2.5,9.0
117,G2647FB101FQ-007E,2019-06-14 08:28:28,L2E9521A1071,OC_5,1F2G647FH1A003,A003,B,2,671.838,77.051,19,3,-1.1244,-1.4954,-2.0,2.5,9.0
118,G2647FB101FQ-007E,2019-06-14 08:28:28,L2E9521A1071,OC_5,1F2G647FH1A003,A003,B,2,671.838,-420.571,19,6,4.5958,3.4932,-2.0,2.5,9.0
119,G2647FB101FQ-007E,2019-06-14 08:28:28,L2E9521A1071,OC_5,1F2G647FH1A003,A003,B,2,522.546,77.047,17,3,-5.968,-0.965,-2.0,2.5,9.0
120,G2647FB101FQ-007E,2019-06-14 08:28:28,L2E9521A1071,OC_5,1F2G647FH1A003,A003,B,2,447.9,-420.572,16,6,5.2377,3.0752,-2.0,2.5,9.0
121,G2647FB101FQ-007E,2019-06-14 08:28:28,L2E9521A1071,OC_5,1F2G647FH1A003,A003,B,2,373.254,-420.572,15,6,5.0301,4.4069,-2.0,2.5,9.0
122,G2647FB101FQ-007E,2019-06-14 08:28:28,L2E9521A1071,OC_5,1F2G647FH1A003,A003,B,2,-223.914,77.036,7,3,3.2706,-0.5175,-2.0,2.5,9.0
123,G2647FB101FQ-007E,2019-06-14 08:28:28,L2E9521A1071,OC_5,1F2G647FH1A003,A003,B,2,-223.914,-420.58,7,6,1.2886,3.0827,-2.0,2.5,9.0
124,G2647FB101FQ-007E,2019-06-14 08:28:28,L2E9521A1071,OC_5,1F2G647FH1A003,A003,B,2,-149.268,77.036,8,3,0.4335,-0.112,-2.0,2.5,9.0
125,G2647FB101FQ-007E,2019-06-14 08:28:28,L2E9521A1071,OC_5,1F2G647FH1A003,A003,B,2,-149.268,-420.579,8,6,2.2562,3.695,-2.0,2.5,9.0
126,G2647FB101FQ-007E,2019-06-14 08:28:28,L2E9521A1071,OC_5,1F2G647FH1A003,A003,B,2,-74.622,77.038,9,3,0.0608,-2.1654,-2.0,2.5,9.0
127,G2647FB101FQ-007E,2019-06-14 08:28:28,L2E9521A1071,OC_5,1F2G647FH1A003,A003,B,2,-74.622,-420.578,9,6,5.047,2.6009,-2.0,2.5,9.0
128,G2647FB101FQ-007E,2019-06-14 08:28:28,L2E9521A1071,OC_5,1F2G647FH1A003,A003,B,2,0.024,77.039,10,3,-1.845,0.8149,-2.0,2.5,9.0
129,G2647FB101FQ-007E,2019-06-14 08:28:28,L2E9521A1071,OC_5,1F2G647FH1A003,A003,B,2,0.024,-420.577,10,6,3.011,2.6518,-2.0,2.5,9.0
130,G2647FB101FQ-007E,2019-06-14 08:28:28,L2E9521A1071,OC_5,1F2G647FH1A003,A003,B,2,74.67,77.04,11,3,-3.8637,1.6929,-2.0,2.5,9.0
131,G2647FB101FQ-007E,2019-06-14 08:28:28,L2E9521A1071,OC_5,1F2G647FH1A003,A003,B,2,74.67,-420.577,11,6,2.279,2.3912,-2.0,2.5,9.0
132,G2647FB101FQ-007E,2019-06-14 08:28:28,L2E9521A1071,OC_5,1F2G647FH1A003,A003,B,2,149.316,77.039,12,3,-5.6249,-0.4872,-2.0,2.5,9.0
133,G2647FB101FQ-007E,2019-06-14 08:28:28,L2E9521A1071,OC_5,1F2G647FH1A003,A003,B,2,149.316,-420.578,12,6,3.1113,2.0098,-2.0,2.5,9.0
134,G2647FB101FQ-007E,2019-06-14 08:28:28,L2E9521A1071,OC_5,1F2G647FH1A003,A003,B,2,223.962,77.04,13,3,-8.4522,-1.0685,-2.0,2.5,9.0
135,G2647FB101FQ-007E,2019-06-14 08:28:28,L2E9521A1071,OC_5,1F2G647FH1A003,A003,B,2,223.962,-420.576,13,6,2.7792,2.8142,-2.0,2.5,9.0
136,G2647FB101FQ-007E,2019-06-14 08:28:28,L2E9521A1071,OC_5,1F2G647FH1A003,A003,B,2,298.608,77.042,14,3,-6.814,0.3656,-2.0,2.5,9.0
137,G2647FB101FQ-007E,2019-06-14 08:28:28,L2E9521A1071,OC_5,1F2G647FH1A003,A003,B,2,298.608,-420.574,14,6,2.8684,4.7697,-2.0,2.5,9.0
138,G2647FB101FQ-007E,2019-06-14 08:28:28,L2E9521A1071,OC_5,1F2G647FH1A003,A003,B,2,373.254,77.045,15,3,-9.507,0.2757,-2.0,2.5,9.0
139,G2647FB101FQ-007E,2019-06-14 08:28:28,L2E9521A1071,OC_5,1F2G647FH1A003,A003,B,2,447.9,77.046,16,3,-8.4661,-0.1603,-2.0,2.5,9.0
140,G2647FB101FQ-007E,2019-06-14 08:28:28,L2E9521A1071,OC_5,1F2G647FH1A003,A003,B,2,-298.56,-420.581,6,6,0.1278,3.3056,-2.0,2.5,9.0
141,G2647FB101FQ-007E,2019-06-14 08:28:28,L2E9521A1071,OC_5,1F2G647FH1A003,A003,B,2,-298.56,77.036,6,3,2.9595,-0.5382,-2.0,2.5,9.0
142,G2647FB101FQ-007E,2019-06-14 08:28:28,L2E9521A1071,OC_5,1F2G647FH1A003,A003,B,2,-373.206,-420.583,5,6,-0.4621,7.3921,-2.0,2.5,9.0
143,G2647FB101FQ-007E,2019-06-14 08:28:28,L2E9521A1071,OC_5,1F2G647FH1A003,A003,B,2,-373.206,77.035,5,3,5.9338,-0.3429,-2.0,2.5,9.0
144,G2647FB101FQ-007E,2019-06-14 08:28:28,L2E9521A1071,OC_5,1F2G647FH1A003,A003,B,2,223.962,408.858,13,1,0.9814,0.7413,-2.0,2.5,9.0
145,G2647FB101FQ-007E,2019-06-14 08:28:28,L2E9521A1071,OC_5,1F2G647FH1A003,A003,B,2,223.962,-88.771,13,4,-10.1057,0.5274,-2.0,2.5,9.0
146,G2647FB101FQ-007E,2019-06-14 08:28:28,L2E9521A1071,OC_5,1F2G647FH1A003,A003,B,2,298.608,408.862,14,1,-2.5295,-0.2314,-2.0,2.5,9.0
147,G2647FB101FQ-007E,2019-06-14 08:28:28,L2E9521A1071,OC_5,1F2G647FH1A003,A003,B,2,298.608,-88.768,14,4,-6.3895,2.5568,-2.0,2.5,9.0
148,G2647FB101FQ-007E,2019-06-14 08:28:28,L2E9521A1071,OC_5,1F2G647FH1A003,A003,B,2,373.254,408.864,15,1,-1.5915,-0.9389,-2.0,2.5,9.0
149,G2647FB101FQ-007E,2019-06-14 08:28:28,L2E9521A1071,OC_5,1F2G647FH1A003,A003,B,2,373.254,-88.766,15,4,-8.6362,1.6686,-2.0,2.5,9.0
150,G2647FB101FQ-007E,2019-06-14 08:28:28,L2E9521A1071,OC_5,1F2G647FH1A003,A003,B,2,447.9,408.864,16,1,0.9693,-2.6635,-2.0,2.5,9.0
151,G2647FB101FQ-007E,2019-06-14 08:28:28,L2E9521A1071,OC_5,1F2G647FH1A003,A003,B,2,447.9,-88.766,16,4,-8.4147,2.7377,-2.0,2.5,9.0
152,G2647FB101FQ-007E,2019-06-14 08:28:28,L2E9521A1071,OC_5,1F2G647FH1A003,A003,B,2,522.546,408.865,17,1,0.9653,-3.5717,-2.0,2.5,9.0
153,G2647FB101FQ-007E,2019-06-14 08:28:28,L2E9521A1071,OC_5,1F2G647FH1A003,A003,B,2,522.546,-88.766,17,4,-7.0554,0.6143,-2.0,2.5,9.0
154,G2647FB101FQ-007E,2019-06-14 08:28:28,L2E9521A1071,OC_5,1F2G647FH1A003,A003,B,2,597.192,408.868,18,1,3.2238,-2.3827,-2.0,2.5,9.0
155,G2647FB101FQ-007E,2019-06-14 08:28:28,L2E9521A1071,OC_5,1F2G647FH1A003,A003,B,2,597.192,-88.763,18,4,-4.4536,1.3731,-2.0,2.5,9.0
156,G2647FB101FQ-007E,2019-06-14 08:28:28,L2E9521A1071,OC_5,1F2G647FH1A003,A003,B,2,671.838,408.869,19,1,-0.492,-4.3278,-2.0,2.5,9.0
157,G2647FB101FQ-007E,2019-06-14 08:28:28,L2E9521A1071,OC_5,1F2G647FH1A003,A003,B,2,671.838,-88.763,19,4,-2.9352,0.0821,-2.0,2.5,9.0
158,G2647FB101FQ-007E,2019-06-14 08:28:28,L2E9521A1071,OC_5,1F2G647FH1A003,A003,B,2,671.838,242.962,19,2,-0.7613,-2.2518,-2.0,2.5,9.0
159,G2647FB101FQ-007E,2019-06-14 08:28:28,L2E9521A1071,OC_5,1F2G647FH1A003,A003,B,2,671.838,-254.644,19,5,-1.0525,-1.0661,-2.0,2.5,9.0
160,G2647FB101FQ-007E,2019-06-14 08:28:28,L2E9521A1071,OC_5,1F2G647FH1A003,A003,B,2,597.192,242.962,18,2,-1.7608,-0.935,-2.0,2.5,9.0
161,G2647FB101FQ-007E,2019-06-14 08:28:28,L2E9521A1071,OC_5,1F2G647FH1A003,A003,B,2,149.316,-88.771,12,4,-6.5082,1.4952,-2.0,2.5,9.0
162,G2647FB101FQ-007E,2019-06-14 08:28:28,L2E9521A1071,OC_5,1F2G647FH1A003,A003,B,2,149.316,408.856,12,1,-0.3375,-0.2537,-2.0,2.5,9.0
163,G2647FB101FQ-007E,2019-06-14 08:28:28,L2E9521A1071,OC_5,1F2G647FH1A003,A003,B,2,74.67,-88.772,11,4,-3.7915,2.6034,-2.0,2.5,9.0
164,G2647FB101FQ-007E,2019-06-14 08:28:28,L2E9521A1071,OC_5,1F2G647FH1A003,A003,B,2,74.67,408.857,11,1,1.4781,1.4338,-2.0,2.5,9.0
165,G2647FB101FQ-007E,2019-06-14 08:28:28,L2E9521A1071,OC_5,1F2G647FH1A003,A003,B,2,-597.144,408.853,2,1,0.1176,-2.7131,-2.0,2.5,9.0
166,G2647FB101FQ-007E,2019-06-14 08:28:28,L2E9521A1071,OC_5,1F2G647FH1A003,A003,B,2,-597.144,-88.778,2,4,1.9091,2.9551,-2.0,2.5,9.0
167,G2647FB101FQ-007E,2019-06-14 08:28:28,L2E9521A1071,OC_5,1F2G647FH1A003,A003,B,2,-522.498,408.852,3,1,0.573,-1.489,-2.0,2.5,9.0
168,G2647FB101FQ-007E,2019-06-14 08:28:28,L2E9521A1071,OC_5,1F2G647FH1A003,A003,B,2,-522.498,-88.78,3,4,2.5827,1.8143,-2.0,2.5,9.0
169,G2647FB101FQ-007E,2019-06-14 08:28:28,L2E9521A1071,OC_5,1F2G647FH1A003,A003,B,2,-447.852,408.853,4,1,0.6828,-1.0543,-2.0,2.5,9.0
170,G2647FB101FQ-007E,2019-06-14 08:28:28,L2E9521A1071,OC_5,1F2G647FH1A003,A003,B,2,-447.852,-88.778,4,4,1.0708,2.6047,-2.0,2.5,9.0
171,G2647FB101FQ-007E,2019-06-14 08:28:28,L2E9521A1071,OC_5,1F2G647FH1A003,A003,B,2,-373.206,408.854,5,1,2.9833,-3.1082,-2.0,2.5,9.0
172,G2647FB101FQ-007E,2019-06-14 08:28:28,L2E9521A1071,OC_5,1F2G647FH1A003,A003,B,2,-373.206,-88.776,5,4,3.6431,3.1695,-2.0,2.5,9.0
173,G2647FB101FQ-007E,2019-06-14 08:28:28,L2E9521A1071,OC_5,1F2G647FH1A003,A003,B,2,597.192,-254.643,18,5,-0.4856,1.676,-2.0,2.5,9.0
174,G2647FB101FQ-007E,2019-06-14 08:28:28,L2E9521A1071,OC_5,1F2G647FH1A003,A003,B,2,-298.56,408.855,6,1,2.5481,-0.1427,-2.0,2.5,9.0
175,G2647FB101FQ-007E,2019-06-14 08:28:28,L2E9521A1071,OC_5,1F2G647FH1A003,A003,B,2,-223.914,408.854,7,1,1.8114,-0.7418,-2.0,2.5,9.0
176,G2647FB101FQ-007E,2019-06-14 08:28:28,L2E9521A1071,OC_5,1F2G647FH1A003,A003,B,2,-223.914,-88.775,7,4,2.6119,1.1281,-2.0,2.5,9.0
177,G2647FB101FQ-007E,2019-06-14 08:28:28,L2E9521A1071,OC_5,1F2G647FH1A003,A003,B,2,-149.268,408.853,8,1,1.6279,0.6208,-2.0,2.5,9.0
178,G2647FB101FQ-007E,2019-06-14 08:28:28,L2E9521A1071,OC_5,1F2G647FH1A003,A003,B,2,-149.268,-88.774,8,4,1.1002,1.2219,-2.0,2.5,9.0
179,G2647FB101FQ-007E,2019-06-14 08:28:28,L2E9521A1071,OC_5,1F2G647FH1A003,A003,B,2,-74.622,408.856,9,1,5.1201,-2.3269,-2.0,2.5,9.0
180,G2647FB101FQ-007E,2019-06-14 08:28:28,L2E9521A1071,OC_5,1F2G647FH1A003,A003,B,2,-74.622,-88.773,9,4,-2.2556,-0.5157,-2.0,2.5,9.0
181,G2647FB101FQ-007E,2019-06-14 08:28:28,L2E9521A1071,OC_5,1F2G647FH1A003,A003,B,2,0.024,408.857,10,1,2.2273,0.2796,-2.0,2.5,9.0
182,G2647FB101FQ-007E,2019-06-14 08:28:28,L2E9521A1071,OC_5,1F2G647FH1A003,A003,B,2,0.024,-88.772,10,4,-2.4679,2.1026,-2.0,2.5,9.0
183,G2647FB101FQ-007E,2019-06-14 08:28:28,L2E9521A1071,OC_5,1F2G647FH1A003,A003,B,2,-298.56,-88.775,6,4,1.0959,1.8916,-2.0,2.5,9.0
184,G2647FB101FQ-007E,2019-06-14 08:28:28,L2E9521A1071,OC_5,1F2G647FH1A003,A003,B,2,522.546,242.959,17,2,-3.6383,-2.3353,-2.0,2.5,9.0
185,G2647FB101FQ-007E,2019-06-14 08:28:28,L2E9521A1071,OC_5,1F2G647FH1A003,A003,B,2,447.9,242.958,16,2,-5.8291,-1.554,-2.0,2.5,9.0
186,G2647FB101FQ-007E,2019-06-14 08:28:28,L2E9521A1071,OC_5,1F2G647FH1A003,A003,B,2,-373.206,-254.656,5,5,2.1417,4.5478,-2.0,2.5,9.0
187,G2647FB101FQ-007E,2019-06-14 08:28:28,L2E9521A1071,OC_5,1F2G647FH1A003,A003,B,2,-447.852,242.946,4,2,0.7555,-1.1214,-2.0,2.5,9.0
188,G2647FB101FQ-007E,2019-06-14 08:28:28,L2E9521A1071,OC_5,1F2G647FH1A003,A003,B,2,-447.852,-254.658,4,5,0.027,3.1038,-2.0,2.5,9.0
189,G2647FB101FQ-007E,2019-06-14 08:28:28,L2E9521A1071,OC_5,1F2G647FH1A003,A003,B,2,-522.498,242.945,3,2,2.8553,-0.7692,-2.0,2.5,9.0
190,G2647FB101FQ-007E,2019-06-14 08:28:28,L2E9521A1071,OC_5,1F2G647FH1A003,A003,B,2,-522.498,-254.66,3,5,2.8095,2.5276,-2.0,2.5,9.0
191,G2647FB101FQ-007E,2019-06-14 08:28:28,L2E9521A1071,OC_5,1F2G647FH1A003,A003,B,2,-597.144,242.946,2,2,2.9707,-2.1018,-2.0,2.5,9.0
192,G2647FB101FQ-007E,2019-06-14 08:28:28,L2E9521A1071,OC_5,1F2G647FH1A003,A003,B,2,-597.144,-254.659,2,5,1.6404,1.6129,-2.0,2.5,9.0
193,G2647FB101FQ-007E,2019-06-14 08:28:28,L2E9521A1071,OC_5,1F2G647FH1A003,A003,B,2,-671.79,242.948,1,2,1.158,-1.318,-2.0,2.5,9.0
194,G2647FB101FQ-007E,2019-06-14 08:28:28,L2E9521A1071,OC_5,1F2G647FH1A003,A003,B,2,-671.79,-254.658,1,5,1.1825,0.6654,-2.0,2.5,9.0
195,G2647FB101FQ-007E,2019-06-14 08:28:28,L2E9521A1071,OC_5,1F2G647FH1A003,A003,B,2,-671.79,77.037,1,3,1.395,0.8534,-2.0,2.5,9.0
196,G2647FB101FQ-007E,2019-06-14 08:28:28,L2E9521A1071,OC_5,1F2G647FH1A003,A003,B,2,-671.79,-420.583,1,6,-0.9019,5.5791,-2.0,2.5,9.0
197,G2647FB101FQ-007E,2019-06-14 08:28:28,L2E9521A1071,OC_5,1F2G647FH1A003,A003,B,2,-597.144,77.035,2,3,2.9388,0.0762,-2.0,2.5,9.0
198,G2647FB101FQ-007E,2019-06-14 08:28:28,L2E9521A1071,OC_5,1F2G647FH1A003,A003,B,2,-597.144,-420.585,2,6,-1.4259,4.351,-2.0,2.5,9.0
199,G2647FB101FQ-007E,2019-06-14 08:28:28,L2E9521A1071,OC_5,1F2G647FH1A003,A003,B,2,-522.498,77.034,3,3,3.1149,0.1981,-2.0,2.5,9.0
200,G2647FB101FQ-007E,2019-06-14 08:28:28,L2E9521A1071,OC_5,1F2G647FH1A003,A003,B,2,-522.498,-420.586,3,6,0.7517,5.2254,-2.0,2.5,9.0
201,G2647FB101FQ-007E,2019-06-14 08:28:28,L2E9521A1071,OC_5,1F2G647FH1A003,A003,B,2,-447.852,77.034,4,3,3.2527,-0.2487,-2.0,2.5,9.0
202,G2647FB101FQ-007E,2019-06-14 08:28:28,L2E9521A1071,OC_5,1F2G647FH1A003,A003,B,2,-447.852,-420.585,4,6,2.6328,6.6063,-2.0,2.5,9.0
203,G2647FB101FQ-007E,2019-06-14 08:28:28,L2E9521A1071,OC_5,1F2G647FH1A003,A003,B,2,-373.206,242.947,5,2,5.263,-2.4767,-2.0,2.5,9.0
204,G2647FB101FQ-007E,2019-06-14 08:28:28,L2E9521A1071,OC_5,1F2G647FH1A003,A003,B,2,-298.56,-254.655,6,5,-0.2638,2.3388,-2.0,2.5,9.0
205,G2647FB101FQ-007E,2019-06-14 08:28:28,L2E9521A1071,OC_5,1F2G647FH1A003,A003,B,2,-298.56,242.948,6,2,2.3566,-1.1573,-2.0,2.5,9.0
206,G2647FB101FQ-007E,2019-06-14 08:28:28,L2E9521A1071,OC_5,1F2G647FH1A003,A003,B,2,-223.914,-254.654,7,5,0.4807,0.675,-2.0,2.5,9.0
207,G2647FB101FQ-007E,2019-06-14 08:28:28,L2E9521A1071,OC_5,1F2G647FH1A003,A003,B,2,447.9,-254.646,16,5,-2.4403,3.1131,-2.0,2.5,9.0
208,G2647FB101FQ-007E,2019-06-14 08:28:28,L2E9521A1071,OC_5,1F2G647FH1A003,A003,B,2,373.254,242.957,15,2,-5.0114,-0.6806,-2.0,2.5,9.0
209,G2647FB101FQ-007E,2019-06-14 08:28:28,L2E9521A1071,OC_5,1F2G647FH1A003,A003,B,2,373.254,-254.646,15,5,-2.7293,2.369,-2.0,2.5,9.0
210,G2647FB101FQ-007E,2019-06-14 08:28:28,L2E9521A1071,OC_5,1F2G647FH1A003,A003,B,2,298.608,242.954,14,2,-4.612,-0.8946,-2.0,2.5,9.0
211,G2647FB101FQ-007E,2019-06-14 08:28:28,L2E9521A1071,OC_5,1F2G647FH1A003,A003,B,2,298.608,-254.647,14,5,-0.4171,2.1966,-2.0,2.5,9.0
212,G2647FB101FQ-007E,2019-06-14 08:28:28,L2E9521A1071,OC_5,1F2G647FH1A003,A003,B,2,223.962,242.951,13,2,-5.3424,-1.0723,-2.0,2.5,9.0
213,G2647FB101FQ-007E,2019-06-14 08:28:28,L2E9521A1071,OC_5,1F2G647FH1A003,A003,B,2,223.962,-254.65,13,5,-3.6117,1.4264,-2.0,2.5,9.0
214,G2647FB101FQ-007E,2019-06-14 08:28:28,L2E9521A1071,OC_5,1F2G647FH1A003,A003,B,2,149.316,242.95,12,2,-1.8659,-0.7175,-2.0,2.5,9.0
215,G2647FB101FQ-007E,2019-06-14 08:28:28,L2E9521A1071,OC_5,1F2G647FH1A003,A003,B,2,522.546,-254.646,17,5,-1.6458,2.9585,-2.0,2.5,9.0
216,G2647FB101FQ-007E,2019-06-14 08:28:28,L2E9521A1071,OC_5,1F2G647FH1A003,A003,B,2,149.316,-254.651,12,5,-0.3376,0.9559,-2.0,2.5,9.0
217,G2647FB101FQ-007E,2019-06-14 08:28:28,L2E9521A1071,OC_5,1F2G647FH1A003,A003,B,2,74.67,-254.651,11,5,-0.7914,1.0396,-2.0,2.5,9.0
218,G2647FB101FQ-007E,2019-06-14 08:28:28,L2E9521A1071,OC_5,1F2G647FH1A003,A003,B,2,0.024,242.949,10,2,-1.0915,1.0351,-2.0,2.5,9.0
219,G2647FB101FQ-007E,2019-06-14 08:28:28,L2E9521A1071,OC_5,1F2G647FH1A003,A003,B,2,0.024,-254.65,10,5,-1.0158,0.9923,-2.0,2.5,9.0
220,G2647FB101FQ-007E,2019-06-14 08:28:28,L2E9521A1071,OC_5,1F2G647FH1A003,A003,B,2,-74.622,242.948,9,2,0.801,-2.6274,-2.0,2.5,9.0
221,G2647FB101FQ-007E,2019-06-14 08:28:28,L2E9521A1071,OC_5,1F2G647FH1A003,A003,B,2,-74.622,-254.652,9,5,-1.3929,-1.1573,-2.0,2.5,9.0
222,G2647FB101FQ-007E,2019-06-14 08:28:28,L2E9521A1071,OC_5,1F2G647FH1A003,A003,B,2,-149.268,242.947,8,2,1.6813,-0.03,-2.0,2.5,9.0
223,G2647FB101FQ-007E,2019-06-14 08:28:28,L2E9521A1071,OC_5,1F2G647FH1A003,A003,B,2,-149.268,-254.654,8,5,2.791,1.2564,-2.0,2.5,9.0
224,G2647FB101FQ-007E,2019-06-14 08:28:28,L2E9521A1071,OC_5,1F2G647FH1A003,A003,B,2,-223.914,242.948,7,2,1.4267,-1.8799,-2.0,2.5,9.0
225,G2647FB101FQ-007E,2019-06-14 08:28:28,L2E9521A1071,OC_5,1F2G647FH1A003,A003,B,2,74.67,242.95,11,2,-2.7011,0.7303,-2.0,2.5,9.0
226,G2647FB101FQ-007E,2019-06-14 08:28:28,L2E9521A1071,OC_5,1F2G647FH1A003,A003,B,2,-671.79,-88.776,1,4,0.5076,2.2342,-2.0,2.5,9.0
227,G2647FB101FQ-007E,2019-06-14 08:28:28,L2E9521A1071,OC_5,1F2G647FH1A003,A003,B,2,-671.79,408.856,1,1,0.5622,-0.6997,-2.0,2.5,9.0
228,G2647FB101FQ-007E,2019-06-14 08:44:00,L2E9521A1071,OC_8,1F1R647FH1A002,A002,B,2,-671.79,408.856,1,1,-0.178,-3.6314,1.5,1.5,3.0
229,G2647FB101FQ-007E,2019-06-14 08:44:00,L2E9521A1071,OC_8,1F1R647FH1A002,A002,B,2,-671.79,-88.776,1,4,3.4482,1.1999,1.5,1.5,3.0
230,G2647FB101FQ-007E,2019-06-14 08:44:00,L2E9521A1071,OC_8,1F1R647FH1A002,A002,B,2,-597.144,408.853,2,1,0.4757,-5.207,1.5,1.5,3.0
231,G2647FB101FQ-007E,2019-06-14 08:44:00,L2E9521A1071,OC_8,1F1R647FH1A002,A002,B,2,-597.144,-88.778,2,4,5.0102,1.0483,1.5,1.5,3.0
232,G2647FB101FQ-007E,2019-06-14 08:44:00,L2E9521A1071,OC_8,1F1R647FH1A002,A002,B,2,-522.498,408.852,3,1,1.1012,-5.5151,1.5,1.5,3.0
233,G2647FB101FQ-007E,2019-06-14 08:44:00,L2E9521A1071,OC_8,1F1R647FH1A002,A002,B,2,-522.498,-88.78,3,4,4.7745,0.7755,1.5,1.5,3.0
234,G2647FB101FQ-007E,2019-06-14 08:44:00,L2E9521A1071,OC_8,1F1R647FH1A002,A002,B,2,-447.852,408.853,4,1,1.4362,-3.7445,1.5,1.5,3.0
235,G2647FB101FQ-007E,2019-06-14 08:44:00,L2E9521A1071,OC_8,1F1R647FH1A002,A002,B,2,-447.852,-88.778,4,4,3.9138,0.0263,1.5,1.5,3.0
236,G2647FB101FQ-007E,2019-06-14 08:44:00,L2E9521A1071,OC_8,1F1R647FH1A002,A002,B,2,-373.206,408.854,5,1,3.6805,-3.3689,1.5,1.5,3.0
237,G2647FB101FQ-007E,2019-06-14 08:44:00,L2E9521A1071,OC_8,1F1R647FH1A002,A002,B,2,-373.206,-88.776,5,4,3.5431,-0.671,1.5,1.5,3.0
238,G2647FB101FQ-007E,2019-06-14 08:44:00,L2E9521A1071,OC_8,1F1R647FH1A002,A002,B,2,-298.56,408.855,6,1,2.7062,-2.9781,1.5,1.5,3.0
239,G2647FB101FQ-007E,2019-06-14 08:44:00,L2E9521A1071,OC_8,1F1R647FH1A002,A002,B,2,-298.56,-88.775,6,4,3.9554,-0.648,1.5,1.5,3.0
240,G2647FB101FQ-007E,2019-06-14 08:44:00,L2E9521A1071,OC_8,1F1R647FH1A002,A002,B,2,-223.914,408.854,7,1,3.2291,-2.7993,1.5,1.5,3.0
241,G2647FB101FQ-007E,2019-06-14 08:44:00,L2E9521A1071,OC_8,1F1R647FH1A002,A002,B,2,-223.914,-88.775,7,4,1.5166,-0.5384,1.5,1.5,3.0
242,G2647FB101FQ-007E,2019-06-14 08:44:00,L2E9521A1071,OC_8,1F1R647FH1A002,A002,B,2,-149.268,408.853,8,1,2.5702,-4.7314,1.5,1.5,3.0
243,G2647FB101FQ-007E,2019-06-14 08:44:00,L2E9521A1071,OC_8,1F1R647FH1A002,A002,B,2,-149.268,-88.774,8,4,-2.388,-1.5076,1.5,1.5,3.0
244,G2647FB101FQ-007E,2019-06-14 08:44:00,L2E9521A1071,OC_8,1F1R647FH1A002,A002,B,2,671.838,242.962,19,2,1.4681,-3.6355,1.5,1.5,3.0
245,G2647FB101FQ-007E,2019-06-14 08:44:00,L2E9521A1071,OC_8,1F1R647FH1A002,A002,B,2,671.838,-254.644,19,5,0.0309,1.7429,1.5,1.5,3.0
246,G2647FB101FQ-007E,2019-06-14 08:44:00,L2E9521A1071,OC_8,1F1R647FH1A002,A002,B,2,597.192,242.962,18,2,-1.9413,-2.4427,1.5,1.5,3.0
247,G2647FB101FQ-007E,2019-06-14 08:44:00,L2E9521A1071,OC_8,1F1R647FH1A002,A002,B,2,597.192,-254.643,18,5,-3.3118,3.5422,1.5,1.5,3.0
248,G2647FB101FQ-007E,2019-06-14 08:44:00,L2E9521A1071,OC_8,1F1R647FH1A002,A002,B,2,522.546,242.959,17,2,-3.6258,-4.0048,1.5,1.5,3.0
249,G2647FB101FQ-007E,2019-06-14 08:44:00,L2E9521A1071,OC_8,1F1R647FH1A002,A002,B,2,522.546,-254.646,17,5,-5.1877,5.1275,1.5,1.5,3.0
250,G2647FB101FQ-007E,2019-06-14 08:44:00,L2E9521A1071,OC_8,1F1R647FH1A002,A002,B,2,447.9,242.958,16,2,-3.9987,-2.7321,1.5,1.5,3.0
251,G2647FB101FQ-007E,2019-06-14 08:44:00,L2E9521A1071,OC_8,1F1R647FH1A002,A002,B,2,447.9,-254.646,16,5,-3.0078,3.1466,1.5,1.5,3.0
252,G2647FB101FQ-007E,2019-06-14 08:44:00,L2E9521A1071,OC_8,1F1R647FH1A002,A002,B,2,373.254,242.957,15,2,-4.2293,-3.3798,1.5,1.5,3.0
253,G2647FB101FQ-007E,2019-06-14 08:44:00,L2E9521A1071,OC_8,1F1R647FH1A002,A002,B,2,373.254,-254.646,15,5,-3.9139,1.1267,1.5,1.5,3.0
254,G2647FB101FQ-007E,2019-06-14 08:44:00,L2E9521A1071,OC_8,1F1R647FH1A002,A002,B,2,298.608,242.954,14,2,-4.0304,-3.6515,1.5,1.5,3.0
255,G2647FB101FQ-007E,2019-06-14 08:44:00,L2E9521A1071,OC_8,1F1R647FH1A002,A002,B,2,298.608,-254.647,14,5,-3.8506,-0.1596,1.5,1.5,3.0
256,G2647FB101FQ-007E,2019-06-14 08:44:00,L2E9521A1071,OC_8,1F1R647FH1A002,A002,B,2,223.962,242.951,13,2,-4.9017,-4.5413,1.5,1.5,3.0
257,G2647FB101FQ-007E,2019-06-14 08:44:00,L2E9521A1071,OC_8,1F1R647FH1A002,A002,B,2,223.962,-254.65,13,5,-3.3932,-1.3322,1.5,1.5,3.0
258,G2647FB101FQ-007E,2019-06-14 08:44:00,L2E9521A1071,OC_8,1F1R647FH1A002,A002,B,2,149.316,242.95,12,2,-3.5223,-3.1772,1.5,1.5,3.0
259,G2647FB101FQ-007E,2019-06-14 08:44:00,L2E9521A1071,OC_8,1F1R647FH1A002,A002,B,2,149.316,-254.651,12,5,-3.2341,-1.1707,1.5,1.5,3.0
260,G2647FB101FQ-007E,2019-06-14 08:44:00,L2E9521A1071,OC_8,1F1R647FH1A002,A002,B,2,74.67,242.95,11,2,-0.41,-1.858,1.5,1.5,3.0
261,G2647FB101FQ-007E,2019-06-14 08:44:00,L2E9521A1071,OC_8,1F1R647FH1A002,A002,B,2,671.838,-88.763,19,4,0.6562,-0.7054,1.5,1.5,3.0
262,G2647FB101FQ-007E,2019-06-14 08:44:00,L2E9521A1071,OC_8,1F1R647FH1A002,A002,B,2,671.838,408.869,19,1,1.0561,-6.049,1.5,1.5,3.0
263,G2647FB101FQ-007E,2019-06-14 08:44:00,L2E9521A1071,OC_8,1F1R647FH1A002,A002,B,2,597.192,-88.763,18,4,-6.5249,0.5072,1.5,1.5,3.0
264,G2647FB101FQ-007E,2019-06-14 08:44:00,L2E9521A1071,OC_8,1F1R647FH1A002,A002,B,2,597.192,408.868,18,1,-2.1847,-4.2068,1.5,1.5,3.0
265,G2647FB101FQ-007E,2019-06-14 08:44:00,L2E9521A1071,OC_8,1F1R647FH1A002,A002,B,2,-74.622,408.856,9,1,1.8682,-2.0551,1.5,1.5,3.0
266,G2647FB101FQ-007E,2019-06-14 08:44:00,L2E9521A1071,OC_8,1F1R647FH1A002,A002,B,2,-74.622,-88.773,9,4,-2.5112,-0.8882,1.5,1.5,3.0
267,G2647FB101FQ-007E,2019-06-14 08:44:00,L2E9521A1071,OC_8,1F1R647FH1A002,A002,B,2,0.024,408.857,10,1,1.5887,-1.895,1.5,1.5,3.0
268,G2647FB101FQ-007E,2019-06-14 08:44:00,L2E9521A1071,OC_8,1F1R647FH1A002,A002,B,2,0.024,-88.772,10,4,-5.4096,-1.655,1.5,1.5,3.0
269,G2647FB101FQ-007E,2019-06-14 08:44:00,L2E9521A1071,OC_8,1F1R647FH1A002,A002,B,2,74.67,408.857,11,1,0.4554,-2.1573,1.5,1.5,3.0
270,G2647FB101FQ-007E,2019-06-14 08:44:00,L2E9521A1071,OC_8,1F1R647FH1A002,A002,B,2,74.67,-88.772,11,4,-5.655,-1.1426,1.5,1.5,3.0
271,G2647FB101FQ-007E,2019-06-14 08:44:00,L2E9521A1071,OC_8,1F1R647FH1A002,A002,B,2,149.316,408.856,12,1,2.495,-3.0833,1.5,1.5,3.0
272,G2647FB101FQ-007E,2019-06-14 08:44:00,L2E9521A1071,OC_8,1F1R647FH1A002,A002,B,2,149.316,-88.771,12,4,-7.8255,-1.9363,1.5,1.5,3.0
273,G2647FB101FQ-007E,2019-06-14 08:44:00,L2E9521A1071,OC_8,1F1R647FH1A002,A002,B,2,223.962,408.858,13,1,2.2816,-5.613,1.5,1.5,3.0
274,G2647FB101FQ-007E,2019-06-14 08:44:00,L2E9521A1071,OC_8,1F1R647FH1A002,A002,B,2,298.608,408.862,14,1,-1.2019,-4.8799,1.5,1.5,3.0
275,G2647FB101FQ-007E,2019-06-14 08:44:00,L2E9521A1071,OC_8,1F1R647FH1A002,A002,B,2,298.608,-88.768,14,4,-9.0124,-1.8171,1.5,1.5,3.0
276,G2647FB101FQ-007E,2019-06-14 08:44:00,L2E9521A1071,OC_8,1F1R647FH1A002,A002,B,2,373.254,408.864,15,1,1.1008,-5.8597,1.5,1.5,3.0
277,G2647FB101FQ-007E,2019-06-14 08:44:00,L2E9521A1071,OC_8,1F1R647FH1A002,A002,B,2,373.254,-88.766,15,4,-9.9854,0.539,1.5,1.5,3.0
278,G2647FB101FQ-007E,2019-06-14 08:44:00,L2E9521A1071,OC_8,1F1R647FH1A002,A002,B,2,447.9,408.864,16,1,-0.1974,-3.9092,1.5,1.5,3.0
279,G2647FB101FQ-007E,2019-06-14 08:44:00,L2E9521A1071,OC_8,1F1R647FH1A002,A002,B,2,447.9,-88.766,16,4,-10.168,1.4848,1.5,1.5,3.0
280,G2647FB101FQ-007E,2019-06-14 08:44:00,L2E9521A1071,OC_8,1F1R647FH1A002,A002,B,2,522.546,408.865,17,1,2.6611,-6.4375,1.5,1.5,3.0
281,G2647FB101FQ-007E,2019-06-14 08:44:00,L2E9521A1071,OC_8,1F1R647FH1A002,A002,B,2,522.546,-88.766,17,4,-8.6243,1.2684,1.5,1.5,3.0
282,G2647FB101FQ-007E,2019-06-14 08:44:00,L2E9521A1071,OC_8,1F1R647FH1A002,A002,B,2,223.962,-88.771,13,4,-9.1163,-1.9407,1.5,1.5,3.0
283,G2647FB101FQ-007E,2019-06-14 08:44:00,L2E9521A1071,OC_8,1F1R647FH1A002,A002,B,2,74.67,-254.651,11,5,-2.6271,-0.8623,1.5,1.5,3.0
284,G2647FB101FQ-007E,2019-06-14 08:44:00,L2E9521A1071,OC_8,1F1R647FH1A002,A002,B,2,0.024,242.949,10,2,-1.3176,-2.2718,1.5,1.5,3.0
285,G2647FB101FQ-007E,2019-06-14 08:44:00,L2E9521A1071,OC_8,1F1R647FH1A002,A002,B,2,-74.622,242.948,9,2,-0.1859,-2.4734,1.5,1.5,3.0
286,G2647FB101FQ-007E,2019-06-14 08:44:00,L2E9521A1071,OC_8,1F1R647FH1A002,A002,B,2,-522.498,-420.586,3,6,-1.0891,6.6573,1.5,1.5,3.0
287,G2647FB101FQ-007E,2019-06-14 08:44:00,L2E9521A1071,OC_8,1F1R647FH1A002,A002,B,2,-447.852,77.034,4,3,5.4063,-1.2778,1.5,1.5,3.0
288,G2647FB101FQ-007E,2019-06-14 08:44:00,L2E9521A1071,OC_8,1F1R647FH1A002,A002,B,2,-447.852,-420.585,4,6,-1.9926,5.2404,1.5,1.5,3.0
289,G2647FB101FQ-007E,2019-06-14 08:44:00,L2E9521A1071,OC_8,1F1R647FH1A002,A002,B,2,-373.206,77.035,5,3,3.7547,-2.0362,1.5,1.5,3.0
290,G2647FB101FQ-007E,2019-06-14 08:44:00,L2E9521A1071,OC_8,1F1R647FH1A002,A002,B,2,-373.206,-420.583,5,6,0.8467,3.9116,1.5,1.5,3.0
291,G2647FB101FQ-007E,2019-06-14 08:44:00,L2E9521A1071,OC_8,1F1R647FH1A002,A002,B,2,-298.56,77.036,6,3,3.966,-2.2829,1.5,1.5,3.0
292,G2647FB101FQ-007E,2019-06-14 08:44:00,L2E9521A1071,OC_8,1F1R647FH1A002,A002,B,2,-298.56,-420.581,6,6,1.1039,2.8637,1.5,1.5,3.0
293,G2647FB101FQ-007E,2019-06-14 08:44:00,L2E9521A1071,OC_8,1F1R647FH1A002,A002,B,2,-223.914,77.036,7,3,1.8038,-2.0518,1.5,1.5,3.0
294,G2647FB101FQ-007E,2019-06-14 08:44:00,L2E9521A1071,OC_8,1F1R647FH1A002,A002,B,2,-223.914,-420.58,7,6,2.1584,3.0274,1.5,1.5,3.0
295,G2647FB101FQ-007E,2019-06-14 08:44:00,L2E9521A1071,OC_8,1F1R647FH1A002,A002,B,2,-149.268,77.036,8,3,-2.108,-2.6167,1.5,1.5,3.0
296,G2647FB101FQ-007E,2019-06-14 08:44:00,L2E9521A1071,OC_8,1F1R647FH1A002,A002,B,2,-149.268,-420.579,8,6,1.7276,0.6311,1.5,1.5,3.0
297,G2647FB101FQ-007E,2019-06-14 08:44:00,L2E9521A1071,OC_8,1F1R647FH1A002,A002,B,2,-74.622,77.038,9,3,-2.0368,-1.6711,1.5,1.5,3.0
298,G2647FB101FQ-007E,2019-06-14 08:44:00,L2E9521A1071,OC_8,1F1R647FH1A002,A002,B,2,-74.622,-420.578,9,6,0.3643,0.7264,1.5,1.5,3.0
299,G2647FB101FQ-007E,2019-06-14 08:44:00,L2E9521A1071,OC_8,1F1R647FH1A002,A002,B,2,0.024,77.039,10,3,-3.604,-1.705,1.5,1.5,3.0
300,G2647FB101FQ-007E,2019-06-14 08:44:00,L2E9521A1071,OC_8,1F1R647FH1A002,A002,B,2,0.024,-420.577,10,6,3.0118,-1.0644,1.5,1.5,3.0
301,G2647FB101FQ-007E,2019-06-14 08:44:00,L2E9521A1071,OC_8,1F1R647FH1A002,A002,B,2,74.67,77.04,11,3,-5.8966,-1.7484,1.5,1.5,3.0
302,G2647FB101FQ-007E,2019-06-14 08:44:00,L2E9521A1071,OC_8,1F1R647FH1A002,A002,B,2,74.67,-420.577,11,6,-1.0476,0.0544,1.5,1.5,3.0
303,G2647FB101FQ-007E,2019-06-14 08:44:00,L2E9521A1071,OC_8,1F1R647FH1A002,A002,B,2,-522.498,77.034,3,3,5.2522,-1.7169,1.5,1.5,3.0
304,G2647FB101FQ-007E,2019-06-14 08:44:00,L2E9521A1071,OC_8,1F1R647FH1A002,A002,B,2,-597.144,-420.585,2,6,-1.5608,4.5937,1.5,1.5,3.0
305,G2647FB101FQ-007E,2019-06-14 08:44:00,L2E9521A1071,OC_8,1F1R647FH1A002,A002,B,2,-597.144,77.035,2,3,7.0529,-1.3633,1.5,1.5,3.0
306,G2647FB101FQ-007E,2019-06-14 08:44:00,L2E9521A1071,OC_8,1F1R647FH1A002,A002,B,2,-671.79,-420.583,1,6,-1.012,6.3533,1.5,1.5,3.0
307,G2647FB101FQ-007E,2019-06-14 08:44:00,L2E9521A1071,OC_8,1F1R647FH1A002,A002,B,2,-74.622,-254.652,9,5,0.0305,-1.1427,1.5,1.5,3.0
308,G2647FB101FQ-007E,2019-06-14 08:44:00,L2E9521A1071,OC_8,1F1R647FH1A002,A002,B,2,-149.268,242.947,8,2,1.085,-3.8644,1.5,1.5,3.0
309,G2647FB101FQ-007E,2019-06-14 08:44:00,L2E9521A1071,OC_8,1F1R647FH1A002,A002,B,2,-149.268,-254.654,8,5,1.2227,-1.0405,1.5,1.5,3.0
310,G2647FB101FQ-007E,2019-06-14 08:44:00,L2E9521A1071,OC_8,1F1R647FH1A002,A002,B,2,-223.914,242.948,7,2,3.058,-3.0479,1.5,1.5,3.0
311,G2647FB101FQ-007E,2019-06-14 08:44:00,L2E9521A1071,OC_8,1F1R647FH1A002,A002,B,2,-223.914,-254.654,7,5,0.3965,0.8703,1.5,1.5,3.0
312,G2647FB101FQ-007E,2019-06-14 08:44:00,L2E9521A1071,OC_8,1F1R647FH1A002,A002,B,2,-298.56,242.948,6,2,3.8015,-3.0364,1.5,1.5,3.0
313,G2647FB101FQ-007E,2019-06-14 08:44:00,L2E9521A1071,OC_8,1F1R647FH1A002,A002,B,2,-298.56,-254.655,6,5,1.4533,0.6912,1.5,1.5,3.0
314,G2647FB101FQ-007E,2019-06-14 08:44:00,L2E9521A1071,OC_8,1F1R647FH1A002,A002,B,2,-373.206,242.947,5,2,3.0552,-2.9433,1.5,1.5,3.0
315,G2647FB101FQ-007E,2019-06-14 08:44:00,L2E9521A1071,OC_8,1F1R647FH1A002,A002,B,2,149.316,77.039,12,3,-8.3023,-2.9384,1.5,1.5,3.0
316,G2647FB101FQ-007E,2019-06-14 08:44:00,L2E9521A1071,OC_8,1F1R647FH1A002,A002,B,2,-373.206,-254.656,5,5,1.7782,1.4298,1.5,1.5,3.0
317,G2647FB101FQ-007E,2019-06-14 08:44:00,L2E9521A1071,OC_8,1F1R647FH1A002,A002,B,2,-447.852,-254.658,4,5,2.5379,1.777,1.5,1.5,3.0
318,G2647FB101FQ-007E,2019-06-14 08:44:00,L2E9521A1071,OC_8,1F1R647FH1A002,A002,B,2,-522.498,242.945,3,2,3.4834,-4.1747,1.5,1.5,3.0
319,G2647FB101FQ-007E,2019-06-14 08:44:00,L2E9521A1071,OC_8,1F1R647FH1A002,A002,B,2,-522.498,-254.66,3,5,2.2402,3.4988,1.5,1.5,3.0
320,G2647FB101FQ-007E,2019-06-14 08:44:00,L2E9521A1071,OC_8,1F1R647FH1A002,A002,B,2,-597.144,242.946,2,2,4.1132,-3.0706,1.5,1.5,3.0
321,G2647FB101FQ-007E,2019-06-14 08:44:00,L2E9521A1071,OC_8,1F1R647FH1A002,A002,B,2,-597.144,-254.659,2,5,0.9152,3.0504,1.5,1.5,3.0
322,G2647FB101FQ-007E,2019-06-14 08:44:00,L2E9521A1071,OC_8,1F1R647FH1A002,A002,B,2,-671.79,242.948,1,2,1.1447,-1.9163,1.5,1.5,3.0
323,G2647FB101FQ-007E,2019-06-14 08:44:00,L2E9521A1071,OC_8,1F1R647FH1A002,A002,B,2,-671.79,-254.658,1,5,0.6507,2.8321,1.5,1.5,3.0
324,G2647FB101FQ-007E,2019-06-14 08:44:00,L2E9521A1071,OC_8,1F1R647FH1A002,A002,B,2,-671.79,77.037,1,3,4.3881,-0.9266,1.5,1.5,3.0
325,G2647FB101FQ-007E,2019-06-14 08:44:00,L2E9521A1071,OC_8,1F1R647FH1A002,A002,B,2,-447.852,242.946,4,2,4.7189,-2.4192,1.5,1.5,3.0
326,G2647FB101FQ-007E,2019-06-14 08:44:00,L2E9521A1071,OC_8,1F1R647FH1A002,A002,B,2,0.024,-254.65,10,5,-2.3157,-2.2807,1.5,1.5,3.0
327,G2647FB101FQ-007E,2019-06-14 08:44:00,L2E9521A1071,OC_8,1F1R647FH1A002,A002,B,2,149.316,-420.578,12,6,2.7754,1.2828,1.5,1.5,3.0
328,G2647FB101FQ-007E,2019-06-14 08:44:00,L2E9521A1071,OC_8,1F1R647FH1A002,A002,B,2,223.962,-420.576,13,6,3.4442,-0.5667,1.5,1.5,3.0
329,G2647FB101FQ-007E,2019-06-14 08:44:00,L2E9521A1071,OC_8,1F1R647FH1A002,A002,B,2,298.608,77.042,14,3,-7.9555,-3.1741,1.5,1.5,3.0
330,G2647FB101FQ-007E,2019-06-14 08:44:00,L2E9521A1071,OC_8,1F1R647FH1A002,A002,B,2,298.608,-420.574,14,6,2.6751,2.7165,1.5,1.5,3.0
331,G2647FB101FQ-007E,2019-06-14 08:44:00,L2E9521A1071,OC_8,1F1R647FH1A002,A002,B,2,373.254,77.045,15,3,-10.129,-1.1919,1.5,1.5,3.0
332,G2647FB101FQ-007E,2019-06-14 08:44:00,L2E9521A1071,OC_8,1F1R647FH1A002,A002,B,2,373.254,-420.572,15,6,2.2248,2.0404,1.5,1.5,3.0
333,G2647FB101FQ-007E,2019-06-14 08:44:00,L2E9521A1071,OC_8,1F1R647FH1A002,A002,B,2,447.9,77.046,16,3,-10.119,-0.6132,1.5,1.5,3.0
334,G2647FB101FQ-007E,2019-06-14 08:44:00,L2E9521A1071,OC_8,1F1R647FH1A002,A002,B,2,447.9,-420.572,16,6,2.5364,4.4101,1.5,1.5,3.0
335,G2647FB101FQ-007E,2019-06-14 08:44:00,L2E9521A1071,OC_8,1F1R647FH1A002,A002,B,2,522.546,77.047,17,3,-7.4504,-1.839,1.5,1.5,3.0
336,G2647FB101FQ-007E,2019-06-14 08:44:00,L2E9521A1071,OC_8,1F1R647FH1A002,A002,B,2,522.546,-420.573,17,6,3.3676,9.0631,1.5,1.5,3.0
337,G2647FB101FQ-007E,2019-06-14 08:44:00,L2E9521A1071,OC_8,1F1R647FH1A002,A002,B,2,223.962,77.04,13,3,-10.474,-3.1063,1.5,1.5,3.0
338,G2647FB101FQ-007E,2019-06-14 08:44:00,L2E9521A1071,OC_8,1F1R647FH1A002,A002,B,2,597.192,77.05,18,3,-5.25,-1.0633,1.5,1.5,3.0
339,G2647FB101FQ-007E,2019-06-14 08:44:00,L2E9521A1071,OC_8,1F1R647FH1A002,A002,B,2,671.838,77.051,19,3,1.2161,-1.523,1.5,1.5,3.0
340,G2647FB101FQ-007E,2019-06-14 08:44:00,L2E9521A1071,OC_8,1F1R647FH1A002,A002,B,2,671.838,-420.571,19,6,3.9175,6.6254,1.5,1.5,3.0
341,G2647FB101FQ-007E,2019-06-14 08:44:00,L2E9521A1071,OC_8,1F1R647FH1A002,A002,B,2,597.192,-420.57,18,6,1.0786,6.7517,1.5,1.5,3.0
342,G2647FB101FQ-007E,2019-06-14 08:39:36,L2E9521A1071,OC_7,1F2R647FH1A003,A003,A,2,149.316,242.95,12,2,-0.5532,-0.8807,-3.0,-1.5,4.0
343,G2647FB101FQ-007E,2019-06-14 08:39:36,L2E9521A1071,OC_7,1F2R647FH1A003,A003,A,2,149.316,-254.651,12,5,-0.0239,1.0092,-3.0,-1.5,4.0
344,G2647FB101FQ-007E,2019-06-14 08:39:36,L2E9521A1071,OC_7,1F2R647FH1A003,A003,A,2,74.67,242.95,11,2,2.3172,-1.4129,-3.0,-1.5,4.0
345,G2647FB101FQ-007E,2019-06-14 08:39:36,L2E9521A1071,OC_7,1F2R647FH1A003,A003,A,2,74.67,-254.651,11,5,-0.9396,5.6922,-3.0,-1.5,4.0
346,G2647FB101FQ-007E,2019-06-14 08:39:36,L2E9521A1071,OC_7,1F2R647FH1A003,A003,A,2,0.024,242.949,10,2,1.7801,0.8038,-3.0,-1.5,4.0
347,G2647FB101FQ-007E,2019-06-14 08:39:36,L2E9521A1071,OC_7,1F2R647FH1A003,A003,A,2,0.024,-254.65,10,5,0.1634,-0.0343,-3.0,-1.5,4.0
348,G2647FB101FQ-007E,2019-06-14 08:39:36,L2E9521A1071,OC_7,1F2R647FH1A003,A003,A,2,-74.622,242.948,9,2,3.4536,-0.3351,-3.0,-1.5,4.0
349,G2647FB101FQ-007E,2019-06-14 08:39:36,L2E9521A1071,OC_7,1F2R647FH1A003,A003,A,2,-74.622,-254.652,9,5,1.6073,0.013,-3.0,-1.5,4.0
350,G2647FB101FQ-007E,2019-06-14 08:39:36,L2E9521A1071,OC_7,1F2R647FH1A003,A003,A,2,-149.268,242.947,8,2,3.1032,-1.5389,-3.0,-1.5,4.0
351,G2647FB101FQ-007E,2019-06-14 08:39:36,L2E9521A1071,OC_7,1F2R647FH1A003,A003,A,2,-149.268,-254.654,8,5,2.5456,0.465,-3.0,-1.5,4.0
352,G2647FB101FQ-007E,2019-06-14 08:39:36,L2E9521A1071,OC_7,1F2R647FH1A003,A003,A,2,-223.914,242.948,7,2,5.6921,-2.6399,-3.0,-1.5,4.0
353,G2647FB101FQ-007E,2019-06-14 08:39:36,L2E9521A1071,OC_7,1F2R647FH1A003,A003,A,2,-223.914,-254.654,7,5,3.4865,1.6719,-3.0,-1.5,4.0
354,G2647FB101FQ-007E,2019-06-14 08:39:36,L2E9521A1071,OC_7,1F2R647FH1A003,A003,A,2,-298.56,242.948,6,2,1.4952,-3.7116,-3.0,-1.5,4.0
355,G2647FB101FQ-007E,2019-06-14 08:39:36,L2E9521A1071,OC_7,1F2R647FH1A003,A003,A,2,-298.56,-254.655,6,5,-0.0755,1.7935,-3.0,-1.5,4.0
356,G2647FB101FQ-007E,2019-06-14 08:39:36,L2E9521A1071,OC_7,1F2R647FH1A003,A003,A,2,-373.206,242.947,5,2,3.4314,-3.8592,-3.0,-1.5,4.0
357,G2647FB101FQ-007E,2019-06-14 08:39:36,L2E9521A1071,OC_7,1F2R647FH1A003,A003,A,2,-373.206,-254.656,5,5,-0.2216,3.2635,-3.0,-1.5,4.0
358,G2647FB101FQ-007E,2019-06-14 08:39:36,L2E9521A1071,OC_7,1F2R647FH1A003,A003,A,2,-447.852,242.946,4,2,3.1732,-4.9537,-3.0,-1.5,4.0
359,G2647FB101FQ-007E,2019-06-14 08:39:36,L2E9521A1071,OC_7,1F2R647FH1A003,A003,A,2,223.962,-254.65,13,5,-0.9072,1.093,-3.0,-1.5,4.0
360,G2647FB101FQ-007E,2019-06-14 08:39:36,L2E9521A1071,OC_7,1F2R647FH1A003,A003,A,2,-447.852,-254.658,4,5,1.4304,4.1269,-3.0,-1.5,4.0
361,G2647FB101FQ-007E,2019-06-14 08:39:36,L2E9521A1071,OC_7,1F2R647FH1A003,A003,A,2,223.962,242.951,13,2,-1.9692,-1.1487,-3.0,-1.5,4.0
362,G2647FB101FQ-007E,2019-06-14 08:39:36,L2E9521A1071,OC_7,1F2R647FH1A003,A003,A,2,298.608,242.954,14,2,-4.2331,-2.6687,-3.0,-1.5,4.0
363,G2647FB101FQ-007E,2019-06-14 08:39:36,L2E9521A1071,OC_7,1F2R647FH1A003,A003,A,2,447.9,-88.766,16,4,-5.7289,2.8457,-3.0,-1.5,4.0
364,G2647FB101FQ-007E,2019-06-14 08:39:36,L2E9521A1071,OC_7,1F2R647FH1A003,A003,A,2,522.546,408.865,17,1,-1.3473,-5.8686,-3.0,-1.5,4.0
365,G2647FB101FQ-007E,2019-06-14 08:39:36,L2E9521A1071,OC_7,1F2R647FH1A003,A003,A,2,522.546,-88.766,17,4,-3.5633,2.5534,-3.0,-1.5,4.0
366,G2647FB101FQ-007E,2019-06-14 08:39:36,L2E9521A1071,OC_7,1F2R647FH1A003,A003,A,2,597.192,408.868,18,1,-0.0282,-5.8054,-3.0,-1.5,4.0
367,G2647FB101FQ-007E,2019-06-14 08:39:36,L2E9521A1071,OC_7,1F2R647FH1A003,A003,A,2,597.192,-88.763,18,4,-4.0774,0.6594,-3.0,-1.5,4.0
368,G2647FB101FQ-007E,2019-06-14 08:39:36,L2E9521A1071,OC_7,1F2R647FH1A003,A003,A,2,671.838,408.869,19,1,0.6441,-5.2336,-3.0,-1.5,4.0
369,G2647FB101FQ-007E,2019-06-14 08:39:36,L2E9521A1071,OC_7,1F2R647FH1A003,A003,A,2,671.838,-88.763,19,4,-0.3057,-2.9455,-3.0,-1.5,4.0
370,G2647FB101FQ-007E,2019-06-14 08:39:36,L2E9521A1071,OC_7,1F2R647FH1A003,A003,A,2,671.838,242.962,19,2,-2.2054,-3.3664,-3.0,-1.5,4.0
371,G2647FB101FQ-007E,2019-06-14 08:39:36,L2E9521A1071,OC_7,1F2R647FH1A003,A003,A,2,671.838,-254.644,19,5,0.7263,-1.8864,-3.0,-1.5,4.0
372,G2647FB101FQ-007E,2019-06-14 08:39:36,L2E9521A1071,OC_7,1F2R647FH1A003,A003,A,2,597.192,242.962,18,2,-2.2259,-4.1666,-3.0,-1.5,4.0
373,G2647FB101FQ-007E,2019-06-14 08:39:36,L2E9521A1071,OC_7,1F2R647FH1A003,A003,A,2,597.192,-254.643,18,5,-2.4571,2.2988,-3.0,-1.5,4.0
374,G2647FB101FQ-007E,2019-06-14 08:39:36,L2E9521A1071,OC_7,1F2R647FH1A003,A003,A,2,522.546,242.959,17,2,-1.751,-4.1872,-3.0,-1.5,4.0
375,G2647FB101FQ-007E,2019-06-14 08:39:36,L2E9521A1071,OC_7,1F2R647FH1A003,A003,A,2,522.546,-254.646,17,5,0.4877,4.4135,-3.0,-1.5,4.0
376,G2647FB101FQ-007E,2019-06-14 08:39:36,L2E9521A1071,OC_7,1F2R647FH1A003,A003,A,2,447.9,242.958,16,2,-6.3218,-2.553,-3.0,-1.5,4.0
377,G2647FB101FQ-007E,2019-06-14 08:39:36,L2E9521A1071,OC_7,1F2R647FH1A003,A003,A,2,447.9,-254.646,16,5,-1.2972,3.3734,-3.0,-1.5,4.0
378,G2647FB101FQ-007E,2019-06-14 08:39:36,L2E9521A1071,OC_7,1F2R647FH1A003,A003,A,2,373.254,242.957,15,2,-5.9663,-2.1717,-3.0,-1.5,4.0
379,G2647FB101FQ-007E,2019-06-14 08:39:36,L2E9521A1071,OC_7,1F2R647FH1A003,A003,A,2,373.254,-254.646,15,5,-4.7047,3.0728,-3.0,-1.5,4.0
380,G2647FB101FQ-007E,2019-06-14 08:39:36,L2E9521A1071,OC_7,1F2R647FH1A003,A003,A,2,298.608,-254.647,14,5,-1.8196,1.1937,-3.0,-1.5,4.0
381,G2647FB101FQ-007E,2019-06-14 08:39:36,L2E9521A1071,OC_7,1F2R647FH1A003,A003,A,2,-522.498,242.945,3,2,3.0642,-4.0183,-3.0,-1.5,4.0
382,G2647FB101FQ-007E,2019-06-14 08:39:36,L2E9521A1071,OC_7,1F2R647FH1A003,A003,A,2,-522.498,-254.66,3,5,1.8378,2.9927,-3.0,-1.5,4.0
383,G2647FB101FQ-007E,2019-06-14 08:39:36,L2E9521A1071,OC_7,1F2R647FH1A003,A003,A,2,-597.144,242.946,2,2,2.1882,-2.7364,-3.0,-1.5,4.0
384,G2647FB101FQ-007E,2019-06-14 08:39:36,L2E9521A1071,OC_7,1F2R647FH1A003,A003,A,2,0.024,-420.577,10,6,1.2293,-0.4868,-3.0,-1.5,4.0
385,G2647FB101FQ-007E,2019-06-14 08:39:36,L2E9521A1071,OC_7,1F2R647FH1A003,A003,A,2,74.67,77.04,11,3,0.5298,0.7939,-3.0,-1.5,4.0
386,G2647FB101FQ-007E,2019-06-14 08:39:36,L2E9521A1071,OC_7,1F2R647FH1A003,A003,A,2,74.67,-420.577,11,6,-0.9209,7.2627,-3.0,-1.5,4.0
387,G2647FB101FQ-007E,2019-06-14 08:39:36,L2E9521A1071,OC_7,1F2R647FH1A003,A003,A,2,149.316,77.039,12,3,-0.6609,0.199,-3.0,-1.5,4.0
388,G2647FB101FQ-007E,2019-06-14 08:39:36,L2E9521A1071,OC_7,1F2R647FH1A003,A003,A,2,149.316,-420.578,12,6,-0.674,1.3727,-3.0,-1.5,4.0
389,G2647FB101FQ-007E,2019-06-14 08:39:36,L2E9521A1071,OC_7,1F2R647FH1A003,A003,A,2,223.962,77.04,13,3,-3.5757,-0.2708,-3.0,-1.5,4.0
390,G2647FB101FQ-007E,2019-06-14 08:39:36,L2E9521A1071,OC_7,1F2R647FH1A003,A003,A,2,223.962,-420.576,13,6,0.7206,0.958,-3.0,-1.5,4.0
391,G2647FB101FQ-007E,2019-06-14 08:39:36,L2E9521A1071,OC_7,1F2R647FH1A003,A003,A,2,298.608,77.042,14,3,-5.6516,-1.8946,-3.0,-1.5,4.0
392,G2647FB101FQ-007E,2019-06-14 08:39:36,L2E9521A1071,OC_7,1F2R647FH1A003,A003,A,2,298.608,-420.574,14,6,1.4253,3.0341,-3.0,-1.5,4.0
393,G2647FB101FQ-007E,2019-06-14 08:39:36,L2E9521A1071,OC_7,1F2R647FH1A003,A003,A,2,373.254,77.045,15,3,-10.2375,-0.7291,-3.0,-1.5,4.0
394,G2647FB101FQ-007E,2019-06-14 08:39:36,L2E9521A1071,OC_7,1F2R647FH1A003,A003,A,2,373.254,-420.572,15,6,1.1524,3.6845,-3.0,-1.5,4.0
395,G2647FB101FQ-007E,2019-06-14 08:39:36,L2E9521A1071,OC_7,1F2R647FH1A003,A003,A,2,447.9,77.046,16,3,-7.9995,-0.8989,-3.0,-1.5,4.0
396,G2647FB101FQ-007E,2019-06-14 08:39:36,L2E9521A1071,OC_7,1F2R647FH1A003,A003,A,2,447.9,-420.572,16,6,2.1251,3.9896,-3.0,-1.5,4.0
397,G2647FB101FQ-007E,2019-06-14 08:39:36,L2E9521A1071,OC_7,1F2R647FH1A003,A003,A,2,522.546,77.047,17,3,-3.5745,-1.5951,-3.0,-1.5,4.0
398,G2647FB101FQ-007E,2019-06-14 08:39:36,L2E9521A1071,OC_7,1F2R647FH1A003,A003,A,2,522.546,-420.573,17,6,2.9669,6.7554,-3.0,-1.5,4.0
399,G2647FB101FQ-007E,2019-06-14 08:39:36,L2E9521A1071,OC_7,1F2R647FH1A003,A003,A,2,597.192,77.05,18,3,-4.0122,-2.2193,-3.0,-1.5,4.0
400,G2647FB101FQ-007E,2019-06-14 08:39:36,L2E9521A1071,OC_7,1F2R647FH1A003,A003,A,2,597.192,-420.57,18,6,1.9926,3.7292,-3.0,-1.5,4.0
401,G2647FB101FQ-007E,2019-06-14 08:39:36,L2E9521A1071,OC_7,1F2R647FH1A003,A003,A,2,0.024,77.039,10,3,0.2922,0.6138,-3.0,-1.5,4.0
402,G2647FB101FQ-007E,2019-06-14 08:39:36,L2E9521A1071,OC_7,1F2R647FH1A003,A003,A,2,-74.622,-420.578,9,6,2.3288,-0.2286,-3.0,-1.5,4.0
403,G2647FB101FQ-007E,2019-06-14 08:39:36,L2E9521A1071,OC_7,1F2R647FH1A003,A003,A,2,-74.622,77.038,9,3,3.174,-0.3695,-3.0,-1.5,4.0
404,G2647FB101FQ-007E,2019-06-14 08:39:36,L2E9521A1071,OC_7,1F2R647FH1A003,A003,A,2,-149.268,-420.579,8,6,0.0476,0.5433,-3.0,-1.5,4.0
405,G2647FB101FQ-007E,2019-06-14 08:39:36,L2E9521A1071,OC_7,1F2R647FH1A003,A003,A,2,-597.144,-254.659,2,5,-1.6667,-0.0496,-3.0,-1.5,4.0
406,G2647FB101FQ-007E,2019-06-14 08:39:36,L2E9521A1071,OC_7,1F2R647FH1A003,A003,A,2,-671.79,242.948,1,2,-0.7576,-3.349,-3.0,-1.5,4.0
407,G2647FB101FQ-007E,2019-06-14 08:39:36,L2E9521A1071,OC_7,1F2R647FH1A003,A003,A,2,-671.79,-254.658,1,5,-2.1958,-1.6218,-3.0,-1.5,4.0
408,G2647FB101FQ-007E,2019-06-14 08:39:36,L2E9521A1071,OC_7,1F2R647FH1A003,A003,A,2,-671.79,77.037,1,3,1.1859,-2.9233,-3.0,-1.5,4.0
409,G2647FB101FQ-007E,2019-06-14 08:39:36,L2E9521A1071,OC_7,1F2R647FH1A003,A003,A,2,-671.79,-420.583,1,6,-0.1104,0.5063,-3.0,-1.5,4.0
410,G2647FB101FQ-007E,2019-06-14 08:39:36,L2E9521A1071,OC_7,1F2R647FH1A003,A003,A,2,-597.144,77.035,2,3,4.5981,-1.9289,-3.0,-1.5,4.0
411,G2647FB101FQ-007E,2019-06-14 08:39:36,L2E9521A1071,OC_7,1F2R647FH1A003,A003,A,2,-597.144,-420.585,2,6,-0.7504,1.7513,-3.0,-1.5,4.0
412,G2647FB101FQ-007E,2019-06-14 08:39:36,L2E9521A1071,OC_7,1F2R647FH1A003,A003,A,2,-522.498,77.034,3,3,4.7076,-1.4263,-3.0,-1.5,4.0
413,G2647FB101FQ-007E,2019-06-14 08:39:36,L2E9521A1071,OC_7,1F2R647FH1A003,A003,A,2,447.9,408.864,16,1,-3.5075,-3.0458,-3.0,-1.5,4.0
414,G2647FB101FQ-007E,2019-06-14 08:39:36,L2E9521A1071,OC_7,1F2R647FH1A003,A003,A,2,-522.498,-420.586,3,6,-0.0823,3.9348,-3.0,-1.5,4.0
415,G2647FB101FQ-007E,2019-06-14 08:39:36,L2E9521A1071,OC_7,1F2R647FH1A003,A003,A,2,-447.852,-420.585,4,6,-1.1234,4.2756,-3.0,-1.5,4.0
416,G2647FB101FQ-007E,2019-06-14 08:39:36,L2E9521A1071,OC_7,1F2R647FH1A003,A003,A,2,-373.206,77.035,5,3,4.6595,-1.0645,-3.0,-1.5,4.0
417,G2647FB101FQ-007E,2019-06-14 08:39:36,L2E9521A1071,OC_7,1F2R647FH1A003,A003,A,2,-373.206,-420.583,5,6,-0.6133,3.5357,-3.0,-1.5,4.0
418,G2647FB101FQ-007E,2019-06-14 08:39:36,L2E9521A1071,OC_7,1F2R647FH1A003,A003,A,2,-298.56,77.036,6,3,4.1144,-1.1979,-3.0,-1.5,4.0
419,G2647FB101FQ-007E,2019-06-14 08:39:36,L2E9521A1071,OC_7,1F2R647FH1A003,A003,A,2,-298.56,-420.581,6,6,-0.759,3.1958,-3.0,-1.5,4.0
420,G2647FB101FQ-007E,2019-06-14 08:39:36,L2E9521A1071,OC_7,1F2R647FH1A003,A003,A,2,-223.914,77.036,7,3,8.0256,-0.7343,-3.0,-1.5,4.0
421,G2647FB101FQ-007E,2019-06-14 08:39:36,L2E9521A1071,OC_7,1F2R647FH1A003,A003,A,2,-223.914,-420.58,7,6,-0.6272,2.0137,-3.0,-1.5,4.0
422,G2647FB101FQ-007E,2019-06-14 08:39:36,L2E9521A1071,OC_7,1F2R647FH1A003,A003,A,2,-149.268,77.036,8,3,5.4188,-0.1534,-3.0,-1.5,4.0
423,G2647FB101FQ-007E,2019-06-14 08:39:36,L2E9521A1071,OC_7,1F2R647FH1A003,A003,A,2,-447.852,77.034,4,3,5.4954,-1.7546,-3.0,-1.5,4.0
424,G2647FB101FQ-007E,2019-06-14 08:39:36,L2E9521A1071,OC_7,1F2R647FH1A003,A003,A,2,373.254,-88.766,15,4,-10.3452,2.1309,-3.0,-1.5,4.0
425,G2647FB101FQ-007E,2019-06-14 08:39:36,L2E9521A1071,OC_7,1F2R647FH1A003,A003,A,2,373.254,408.864,15,1,-2.1408,-4.184,-3.0,-1.5,4.0
426,G2647FB101FQ-007E,2019-06-14 08:39:36,L2E9521A1071,OC_7,1F2R647FH1A003,A003,A,2,298.608,-88.768,14,4,-5.4992,0.0441,-3.0,-1.5,4.0
427,G2647FB101FQ-007E,2019-06-14 08:39:36,L2E9521A1071,OC_7,1F2R647FH1A003,A003,A,2,-298.56,408.855,6,1,0.9785,-4.2262,-3.0,-1.5,4.0
428,G2647FB101FQ-007E,2019-06-14 08:39:36,L2E9521A1071,OC_7,1F2R647FH1A003,A003,A,2,-298.56,-88.775,6,4,2.9167,0.091,-3.0,-1.5,4.0
429,G2647FB101FQ-007E,2019-06-14 08:39:36,L2E9521A1071,OC_7,1F2R647FH1A003,A003,A,2,-223.914,408.854,7,1,0.1627,-2.6994,-3.0,-1.5,4.0
430,G2647FB101FQ-007E,2019-06-14 08:39:36,L2E9521A1071,OC_7,1F2R647FH1A003,A003,A,2,-223.914,-88.775,7,4,6.3885,0.7488,-3.0,-1.5,4.0
431,G2647FB101FQ-007E,2019-06-14 08:39:36,L2E9521A1071,OC_7,1F2R647FH1A003,A003,A,2,-149.268,408.853,8,1,0.7034,-1.4451,-3.0,-1.5,4.0
432,G2647FB101FQ-007E,2019-06-14 08:39:36,L2E9521A1071,OC_7,1F2R647FH1A003,A003,A,2,-149.268,-88.774,8,4,4.6723,0.5047,-3.0,-1.5,4.0
433,G2647FB101FQ-007E,2019-06-14 08:39:36,L2E9521A1071,OC_7,1F2R647FH1A003,A003,A,2,-74.622,408.856,9,1,0.2235,0.6909,-3.0,-1.5,4.0
434,G2647FB101FQ-007E,2019-06-14 08:39:36,L2E9521A1071,OC_7,1F2R647FH1A003,A003,A,2,-74.622,-88.773,9,4,2.6879,1.224,-3.0,-1.5,4.0
435,G2647FB101FQ-007E,2019-06-14 08:39:36,L2E9521A1071,OC_7,1F2R647FH1A003,A003,A,2,0.024,408.857,10,1,-0.3042,0.852,-3.0,-1.5,4.0
436,G2647FB101FQ-007E,2019-06-14 08:39:36,L2E9521A1071,OC_7,1F2R647FH1A003,A003,A,2,0.024,-88.772,10,4,-0.5733,1.5029,-3.0,-1.5,4.0
437,G2647FB101FQ-007E,2019-06-14 08:39:36,L2E9521A1071,OC_7,1F2R647FH1A003,A003,A,2,74.67,408.857,11,1,2.538,-2.8547,-3.0,-1.5,4.0
438,G2647FB101FQ-007E,2019-06-14 08:39:36,L2E9521A1071,OC_7,1F2R647FH1A003,A003,A,2,74.67,-88.772,11,4,-1.322,3.4546,-3.0,-1.5,4.0
439,G2647FB101FQ-007E,2019-06-14 08:39:36,L2E9521A1071,OC_7,1F2R647FH1A003,A003,A,2,149.316,408.856,12,1,0.0752,-0.3347,-3.0,-1.5,4.0
440,G2647FB101FQ-007E,2019-06-14 08:39:36,L2E9521A1071,OC_7,1F2R647FH1A003,A003,A,2,149.316,-88.771,12,4,-1.251,1.8871,-3.0,-1.5,4.0
441,G2647FB101FQ-007E,2019-06-14 08:39:36,L2E9521A1071,OC_7,1F2R647FH1A003,A003,A,2,223.962,408.858,13,1,-0.679,-1.8277,-3.0,-1.5,4.0
442,G2647FB101FQ-007E,2019-06-14 08:39:36,L2E9521A1071,OC_7,1F2R647FH1A003,A003,A,2,223.962,-88.771,13,4,-3.842,0.4066,-3.0,-1.5,4.0
443,G2647FB101FQ-007E,2019-06-14 08:39:36,L2E9521A1071,OC_7,1F2R647FH1A003,A003,A,2,298.608,408.862,14,1,-3.8033,-3.2849,-3.0,-1.5,4.0
444,G2647FB101FQ-007E,2019-06-14 08:39:36,L2E9521A1071,OC_7,1F2R647FH1A003,A003,A,2,-373.206,-88.776,5,4,2.2594,0.6817,-3.0,-1.5,4.0
445,G2647FB101FQ-007E,2019-06-14 08:39:36,L2E9521A1071,OC_7,1F2R647FH1A003,A003,A,2,-373.206,408.854,5,1,-0.5686,-6.3014,-3.0,-1.5,4.0
446,G2647FB101FQ-007E,2019-06-14 08:39:36,L2E9521A1071,OC_7,1F2R647FH1A003,A003,A,2,-447.852,-88.778,4,4,4.3892,1.9913,-3.0,-1.5,4.0
447,G2647FB101FQ-007E,2019-06-14 08:39:36,L2E9521A1071,OC_7,1F2R647FH1A003,A003,A,2,-447.852,408.853,4,1,-0.9095,-5.4451,-3.0,-1.5,4.0
448,G2647FB101FQ-007E,2019-06-14 08:39:36,L2E9521A1071,OC_7,1F2R647FH1A003,A003,A,2,-671.79,408.856,1,1,-1.1209,-4.8211,-3.0,-1.5,4.0
449,G2647FB101FQ-007E,2019-06-14 08:39:36,L2E9521A1071,OC_7,1F2R647FH1A003,A003,A,2,-671.79,-88.776,1,4,0.0516,-2.2625,-3.0,-1.5,4.0
450,G2647FB101FQ-007E,2019-06-14 08:39:36,L2E9521A1071,OC_7,1F2R647FH1A003,A003,A,2,-597.144,408.853,2,1,-0.7378,-3.523,-3.0,-1.5,4.0
451,G2647FB101FQ-007E,2019-06-14 08:39:36,L2E9521A1071,OC_7,1F2R647FH1A003,A003,A,2,-597.144,-88.778,2,4,1.7675,-0.808,-3.0,-1.5,4.0
452,G2647FB101FQ-007E,2019-06-14 08:39:36,L2E9521A1071,OC_7,1F2R647FH1A003,A003,A,2,-522.498,408.852,3,1,-0.4554,-5.4552,-3.0,-1.5,4.0
453,G2647FB101FQ-007E,2019-06-14 08:39:36,L2E9521A1071,OC_7,1F2R647FH1A003,A003,A,2,-522.498,-88.78,3,4,3.8574,1.396,-3.0,-1.5,4.0
454,G2647FB101FQ-007E,2019-06-14 08:39:36,L2E9521A1071,OC_7,1F2R647FH1A003,A003,A,2,671.838,77.051,19,3,-3.6377,-3.5447,-3.0,-1.5,4.0
455,G2647FB101FQ-007E,2019-06-14 08:39:36,L2E9521A1071,OC_7,1F2R647FH1A003,A003,A,2,671.838,-420.571,19,6,1.844,-0.5984,-3.0,-1.5,4.0
456,G2647FB101FQ-007E,2019-06-14 08:33:34,L2E9521A1071,OC_6,1F1G647FH1A003,A003,A,2,671.838,-420.571,19,6,5.9513,1.4976,-1.5,0.0,20.0
457,G2647FB101FQ-007E,2019-06-14 08:33:34,L2E9521A1071,OC_6,1F1G647FH1A003,A003,A,2,671.838,77.051,19,3,-0.0821,-2.504,-1.5,0.0,20.0
458,G2647FB101FQ-007E,2019-06-14 08:33:34,L2E9521A1071,OC_6,1F1G647FH1A003,A003,A,2,149.316,242.95,12,2,0.9341,-3.3174,-1.5,0.0,20.0
459,G2647FB101FQ-007E,2019-06-14 08:33:34,L2E9521A1071,OC_6,1F1G647FH1A003,A003,A,2,149.316,-254.651,12,5,-0.4471,0.4038,-1.5,0.0,20.0
460,G2647FB101FQ-007E,2019-06-14 08:33:34,L2E9521A1071,OC_6,1F1G647FH1A003,A003,A,2,74.67,242.95,11,2,1.3572,-2.1437,-1.5,0.0,20.0
461,G2647FB101FQ-007E,2019-06-14 08:33:34,L2E9521A1071,OC_6,1F1G647FH1A003,A003,A,2,74.67,-254.651,11,5,0.8878,-0.8871,-1.5,0.0,20.0
462,G2647FB101FQ-007E,2019-06-14 08:33:34,L2E9521A1071,OC_6,1F1G647FH1A003,A003,A,2,0.024,242.949,10,2,1.855,-1.0875,-1.5,0.0,20.0
463,G2647FB101FQ-007E,2019-06-14 08:33:34,L2E9521A1071,OC_6,1F1G647FH1A003,A003,A,2,0.024,-254.65,10,5,-0.6177,-0.3318,-1.5,0.0,20.0
464,G2647FB101FQ-007E,2019-06-14 08:33:34,L2E9521A1071,OC_6,1F1G647FH1A003,A003,A,2,-74.622,242.948,9,2,3.7475,-1.855,-1.5,0.0,20.0
465,G2647FB101FQ-007E,2019-06-14 08:33:34,L2E9521A1071,OC_6,1F1G647FH1A003,A003,A,2,-74.622,-254.652,9,5,1.0991,-0.1315,-1.5,0.0,20.0
466,G2647FB101FQ-007E,2019-06-14 08:33:34,L2E9521A1071,OC_6,1F1G647FH1A003,A003,A,2,-149.268,242.947,8,2,2.5022,-3.6628,-1.5,0.0,20.0
467,G2647FB101FQ-007E,2019-06-14 08:33:34,L2E9521A1071,OC_6,1F1G647FH1A003,A003,A,2,-149.268,-254.654,8,5,0.1675,-0.3096,-1.5,0.0,20.0
468,G2647FB101FQ-007E,2019-06-14 08:33:34,L2E9521A1071,OC_6,1F1G647FH1A003,A003,A,2,-223.914,242.948,7,2,4.3161,-4.5534,-1.5,0.0,20.0
469,G2647FB101FQ-007E,2019-06-14 08:33:34,L2E9521A1071,OC_6,1F1G647FH1A003,A003,A,2,-223.914,-254.654,7,5,2.25,1.7002,-1.5,0.0,20.0
470,G2647FB101FQ-007E,2019-06-14 08:33:34,L2E9521A1071,OC_6,1F1G647FH1A003,A003,A,2,-298.56,242.948,6,2,3.3156,-3.8872,-1.5,0.0,20.0
471,G2647FB101FQ-007E,2019-06-14 08:33:34,L2E9521A1071,OC_6,1F1G647FH1A003,A003,A,2,-298.56,-254.655,6,5,0.7337,1.534,-1.5,0.0,20.0
472,G2647FB101FQ-007E,2019-06-14 08:33:34,L2E9521A1071,OC_6,1F1G647FH1A003,A003,A,2,-373.206,242.947,5,2,4.0858,-4.0979,-1.5,0.0,20.0
473,G2647FB101FQ-007E,2019-06-14 08:33:34,L2E9521A1071,OC_6,1F1G647FH1A003,A003,A,2,-373.206,-254.656,5,5,0.971,1.9868,-1.5,0.0,20.0
474,G2647FB101FQ-007E,2019-06-14 08:33:34,L2E9521A1071,OC_6,1F1G647FH1A003,A003,A,2,-447.852,242.946,4,2,2.3512,-6.2018,-1.5,0.0,20.0
475,G2647FB101FQ-007E,2019-06-14 08:33:34,L2E9521A1071,OC_6,1F1G647FH1A003,A003,A,2,223.962,-254.65,13,5,-0.4328,2.019,-1.5,0.0,20.0
476,G2647FB101FQ-007E,2019-06-14 08:33:34,L2E9521A1071,OC_6,1F1G647FH1A003,A003,A,2,223.962,242.951,13,2,0.6857,-2.8591,-1.5,0.0,20.0
477,G2647FB101FQ-007E,2019-06-14 08:33:34,L2E9521A1071,OC_6,1F1G647FH1A003,A003,A,2,298.608,-254.647,14,5,-0.2286,3.6182,-1.5,0.0,20.0
478,G2647FB101FQ-007E,2019-06-14 08:33:34,L2E9521A1071,OC_6,1F1G647FH1A003,A003,A,2,298.608,242.954,14,2,0.5093,-3.6928,-1.5,0.0,20.0
479,G2647FB101FQ-007E,2019-06-14 08:33:34,L2E9521A1071,OC_6,1F1G647FH1A003,A003,A,2,447.9,408.864,16,1,2.5412,-4.613,-1.5,0.0,20.0
480,G2647FB101FQ-007E,2019-06-14 08:33:34,L2E9521A1071,OC_6,1F1G647FH1A003,A003,A,2,447.9,-88.766,16,4,-3.5538,1.993,-1.5,0.0,20.0
481,G2647FB101FQ-007E,2019-06-14 08:33:34,L2E9521A1071,OC_6,1F1G647FH1A003,A003,A,2,522.546,408.865,17,1,2.3409,-3.6398,-1.5,0.0,20.0
482,G2647FB101FQ-007E,2019-06-14 08:33:34,L2E9521A1071,OC_6,1F1G647FH1A003,A003,A,2,522.546,-88.766,17,4,-3.808,1.5307,-1.5,0.0,20.0
483,G2647FB101FQ-007E,2019-06-14 08:33:34,L2E9521A1071,OC_6,1F1G647FH1A003,A003,A,2,597.192,408.868,18,1,3.7659,-3.1398,-1.5,0.0,20.0
484,G2647FB101FQ-007E,2019-06-14 08:33:34,L2E9521A1071,OC_6,1F1G647FH1A003,A003,A,2,597.192,-88.763,18,4,-3.2467,0.1533,-1.5,0.0,20.0
485,G2647FB101FQ-007E,2019-06-14 08:33:34,L2E9521A1071,OC_6,1F1G647FH1A003,A003,A,2,671.838,408.869,19,1,3.2496,-3.0522,-1.5,0.0,20.0
486,G2647FB101FQ-007E,2019-06-14 08:33:34,L2E9521A1071,OC_6,1F1G647FH1A003,A003,A,2,671.838,-88.763,19,4,1.021,-0.8049,-1.5,0.0,20.0
487,G2647FB101FQ-007E,2019-06-14 08:33:34,L2E9521A1071,OC_6,1F1G647FH1A003,A003,A,2,-447.852,-254.658,4,5,-0.1644,2.4157,-1.5,0.0,20.0
488,G2647FB101FQ-007E,2019-06-14 08:33:34,L2E9521A1071,OC_6,1F1G647FH1A003,A003,A,2,671.838,242.962,19,2,2.2037,-1.7686,-1.5,0.0,20.0
489,G2647FB101FQ-007E,2019-06-14 08:33:34,L2E9521A1071,OC_6,1F1G647FH1A003,A003,A,2,597.192,242.962,18,2,1.037,-3.3231,-1.5,0.0,20.0
490,G2647FB101FQ-007E,2019-06-14 08:33:34,L2E9521A1071,OC_6,1F1G647FH1A003,A003,A,2,597.192,-254.643,18,5,-0.3599,1.4238,-1.5,0.0,20.0
491,G2647FB101FQ-007E,2019-06-14 08:33:34,L2E9521A1071,OC_6,1F1G647FH1A003,A003,A,2,522.546,242.959,17,2,-1.791,-4.4087,-1.5,0.0,20.0
492,G2647FB101FQ-007E,2019-06-14 08:33:34,L2E9521A1071,OC_6,1F1G647FH1A003,A003,A,2,522.546,-254.646,17,5,-2.7475,3.5316,-1.5,0.0,20.0
493,G2647FB101FQ-007E,2019-06-14 08:33:34,L2E9521A1071,OC_6,1F1G647FH1A003,A003,A,2,447.9,242.958,16,2,-0.9103,-3.463,-1.5,0.0,20.0
494,G2647FB101FQ-007E,2019-06-14 08:33:34,L2E9521A1071,OC_6,1F1G647FH1A003,A003,A,2,447.9,-254.646,16,5,-2.7511,3.7768,-1.5,0.0,20.0
495,G2647FB101FQ-007E,2019-06-14 08:33:34,L2E9521A1071,OC_6,1F1G647FH1A003,A003,A,2,373.254,242.957,15,2,-0.8623,-2.8403,-1.5,0.0,20.0
496,G2647FB101FQ-007E,2019-06-14 08:33:34,L2E9521A1071,OC_6,1F1G647FH1A003,A003,A,2,373.254,-254.646,15,5,-1.2825,3.2123,-1.5,0.0,20.0
497,G2647FB101FQ-007E,2019-06-14 08:33:34,L2E9521A1071,OC_6,1F1G647FH1A003,A003,A,2,671.838,-254.644,19,5,2.7856,-0.7415,-1.5,0.0,20.0
498,G2647FB101FQ-007E,2019-06-14 08:33:34,L2E9521A1071,OC_6,1F1G647FH1A003,A003,A,2,373.254,-88.766,15,4,-5.8369,1.0278,-1.5,0.0,20.0
499,G2647FB101FQ-007E,2019-06-14 08:33:34,L2E9521A1071,OC_6,1F1G647FH1A003,A003,A,2,-522.498,242.945,3,2,4.2514,-5.3125,-1.5,0.0,20.0
500,G2647FB101FQ-007E,2019-06-14 08:33:34,L2E9521A1071,OC_6,1F1G647FH1A003,A003,A,2,-597.144,242.946,2,2,2.303,-3.7769,-1.5,0.0,20.0
501,G2647FB101FQ-007E,2019-06-14 08:33:34,L2E9521A1071,OC_6,1F1G647FH1A003,A003,A,2,0.024,-420.577,10,6,3.3046,0.8987,-1.5,0.0,20.0
502,G2647FB101FQ-007E,2019-06-14 08:33:34,L2E9521A1071,OC_6,1F1G647FH1A003,A003,A,2,74.67,77.04,11,3,-1.4488,-2.5512,-1.5,0.0,20.0
503,G2647FB101FQ-007E,2019-06-14 08:33:34,L2E9521A1071,OC_6,1F1G647FH1A003,A003,A,2,74.67,-420.577,11,6,-0.2812,-1.1034,-1.5,0.0,20.0
504,G2647FB101FQ-007E,2019-06-14 08:33:34,L2E9521A1071,OC_6,1F1G647FH1A003,A003,A,2,149.316,77.039,12,3,-0.8065,-2.7349,-1.5,0.0,20.0
505,G2647FB101FQ-007E,2019-06-14 08:33:34,L2E9521A1071,OC_6,1F1G647FH1A003,A003,A,2,149.316,-420.578,12,6,1.6809,2.4379,-1.5,0.0,20.0
506,G2647FB101FQ-007E,2019-06-14 08:33:34,L2E9521A1071,OC_6,1F1G647FH1A003,A003,A,2,223.962,77.04,13,3,-3.8098,-1.8751,-1.5,0.0,20.0
507,G2647FB101FQ-007E,2019-06-14 08:33:34,L2E9521A1071,OC_6,1F1G647FH1A003,A003,A,2,223.962,-420.576,13,6,2.5032,1.8551,-1.5,0.0,20.0
508,G2647FB101FQ-007E,2019-06-14 08:33:34,L2E9521A1071,OC_6,1F1G647FH1A003,A003,A,2,298.608,77.042,14,3,-2.9849,-2.0738,-1.5,0.0,20.0
509,G2647FB101FQ-007E,2019-06-14 08:33:34,L2E9521A1071,OC_6,1F1G647FH1A003,A003,A,2,298.608,-420.574,14,6,2.8462,5.7562,-1.5,0.0,20.0
510,G2647FB101FQ-007E,2019-06-14 08:33:34,L2E9521A1071,OC_6,1F1G647FH1A003,A003,A,2,373.254,77.045,15,3,-4.9732,-1.4951,-1.5,0.0,20.0
511,G2647FB101FQ-007E,2019-06-14 08:33:34,L2E9521A1071,OC_6,1F1G647FH1A003,A003,A,2,373.254,-420.572,15,6,1.3468,4.4393,-1.5,0.0,20.0
512,G2647FB101FQ-007E,2019-06-14 08:33:34,L2E9521A1071,OC_6,1F1G647FH1A003,A003,A,2,447.9,77.046,16,3,-2.9983,-1.8606,-1.5,0.0,20.0
513,G2647FB101FQ-007E,2019-06-14 08:33:34,L2E9521A1071,OC_6,1F1G647FH1A003,A003,A,2,447.9,-420.572,16,6,3.7365,5.4215,-1.5,0.0,20.0
514,G2647FB101FQ-007E,2019-06-14 08:33:34,L2E9521A1071,OC_6,1F1G647FH1A003,A003,A,2,522.546,77.047,17,3,-3.2204,-1.9994,-1.5,0.0,20.0
515,G2647FB101FQ-007E,2019-06-14 08:33:34,L2E9521A1071,OC_6,1F1G647FH1A003,A003,A,2,522.546,-420.573,17,6,5.7457,4.4011,-1.5,0.0,20.0
516,G2647FB101FQ-007E,2019-06-14 08:33:34,L2E9521A1071,OC_6,1F1G647FH1A003,A003,A,2,597.192,77.05,18,3,-2.644,-2.4027,-1.5,0.0,20.0
517,G2647FB101FQ-007E,2019-06-14 08:33:34,L2E9521A1071,OC_6,1F1G647FH1A003,A003,A,2,597.192,-420.57,18,6,4.1969,3.102,-1.5,0.0,20.0
518,G2647FB101FQ-007E,2019-06-14 08:33:34,L2E9521A1071,OC_6,1F1G647FH1A003,A003,A,2,0.024,77.039,10,3,2.2482,-2.0106,-1.5,0.0,20.0
519,G2647FB101FQ-007E,2019-06-14 08:33:34,L2E9521A1071,OC_6,1F1G647FH1A003,A003,A,2,-74.622,-420.578,9,6,0.9213,0.6332,-1.5,0.0,20.0
520,G2647FB101FQ-007E,2019-06-14 08:33:34,L2E9521A1071,OC_6,1F1G647FH1A003,A003,A,2,-74.622,77.038,9,3,2.6157,-2.0205,-1.5,0.0,20.0
521,G2647FB101FQ-007E,2019-06-14 08:33:34,L2E9521A1071,OC_6,1F1G647FH1A003,A003,A,2,-149.268,-420.579,8,6,0.1571,-0.0658,-1.5,0.0,20.0
522,G2647FB101FQ-007E,2019-06-14 08:33:34,L2E9521A1071,OC_6,1F1G647FH1A003,A003,A,2,-597.144,-254.659,2,5,-1.2276,0.3885,-1.5,0.0,20.0
523,G2647FB101FQ-007E,2019-06-14 08:33:34,L2E9521A1071,OC_6,1F1G647FH1A003,A003,A,2,-671.79,242.948,1,2,0.2311,-1.3476,-1.5,0.0,20.0
524,G2647FB101FQ-007E,2019-06-14 08:33:34,L2E9521A1071,OC_6,1F1G647FH1A003,A003,A,2,-671.79,-254.658,1,5,-1.9301,-1.3726,-1.5,0.0,20.0
525,G2647FB101FQ-007E,2019-06-14 08:33:34,L2E9521A1071,OC_6,1F1G647FH1A003,A003,A,2,-671.79,77.037,1,3,-1.7352,-1.5696,-1.5,0.0,20.0
526,G2647FB101FQ-007E,2019-06-14 08:33:34,L2E9521A1071,OC_6,1F1G647FH1A003,A003,A,2,-671.79,-420.583,1,6,-3.3912,0.8389,-1.5,0.0,20.0
527,G2647FB101FQ-007E,2019-06-14 08:33:34,L2E9521A1071,OC_6,1F1G647FH1A003,A003,A,2,-597.144,77.035,2,3,-0.2928,-2.353,-1.5,0.0,20.0
528,G2647FB101FQ-007E,2019-06-14 08:33:34,L2E9521A1071,OC_6,1F1G647FH1A003,A003,A,2,-597.144,-420.585,2,6,-2.6365,0.9881,-1.5,0.0,20.0
529,G2647FB101FQ-007E,2019-06-14 08:33:34,L2E9521A1071,OC_6,1F1G647FH1A003,A003,A,2,-522.498,77.034,3,3,3.6289,-2.7979,-1.5,0.0,20.0
530,G2647FB101FQ-007E,2019-06-14 08:33:34,L2E9521A1071,OC_6,1F1G647FH1A003,A003,A,2,-522.498,-254.66,3,5,1.1602,2.6568,-1.5,0.0,20.0
531,G2647FB101FQ-007E,2019-06-14 08:33:34,L2E9521A1071,OC_6,1F1G647FH1A003,A003,A,2,-522.498,-420.586,3,6,-2.6478,3.013,-1.5,0.0,20.0
532,G2647FB101FQ-007E,2019-06-14 08:33:34,L2E9521A1071,OC_6,1F1G647FH1A003,A003,A,2,-447.852,-420.585,4,6,-2.884,2.4038,-1.5,0.0,20.0
533,G2647FB101FQ-007E,2019-06-14 08:33:34,L2E9521A1071,OC_6,1F1G647FH1A003,A003,A,2,-373.206,77.035,5,3,4.2684,-2.6023,-1.5,0.0,20.0
534,G2647FB101FQ-007E,2019-06-14 08:33:34,L2E9521A1071,OC_6,1F1G647FH1A003,A003,A,2,-373.206,-420.583,5,6,-2.2979,1.7194,-1.5,0.0,20.0
535,G2647FB101FQ-007E,2019-06-14 08:33:34,L2E9521A1071,OC_6,1F1G647FH1A003,A003,A,2,-298.56,77.036,6,3,4.5829,-2.2515,-1.5,0.0,20.0
536,G2647FB101FQ-007E,2019-06-14 08:33:34,L2E9521A1071,OC_6,1F1G647FH1A003,A003,A,2,-298.56,-420.581,6,6,-0.0047,2.7079,-1.5,0.0,20.0
537,G2647FB101FQ-007E,2019-06-14 08:33:34,L2E9521A1071,OC_6,1F1G647FH1A003,A003,A,2,-223.914,77.036,7,3,4.6124,-2.8941,-1.5,0.0,20.0
538,G2647FB101FQ-007E,2019-06-14 08:33:34,L2E9521A1071,OC_6,1F1G647FH1A003,A003,A,2,-223.914,-420.58,7,6,-0.1756,2.3984,-1.5,0.0,20.0
539,G2647FB101FQ-007E,2019-06-14 08:33:34,L2E9521A1071,OC_6,1F1G647FH1A003,A003,A,2,-149.268,77.036,8,3,1.8524,-2.258,-1.5,0.0,20.0
540,G2647FB101FQ-007E,2019-06-14 08:33:34,L2E9521A1071,OC_6,1F1G647FH1A003,A003,A,2,-447.852,77.034,4,3,3.4698,-3.2341,-1.5,0.0,20.0
541,G2647FB101FQ-007E,2019-06-14 08:33:34,L2E9521A1071,OC_6,1F1G647FH1A003,A003,A,2,373.254,408.864,15,1,3.1134,-1.6939,-1.5,0.0,20.0
542,G2647FB101FQ-007E,2019-06-14 08:33:34,L2E9521A1071,OC_6,1F1G647FH1A003,A003,A,2,298.608,408.862,14,1,2.8113,-4.5617,-1.5,0.0,20.0
543,G2647FB101FQ-007E,2019-06-14 08:33:34,L2E9521A1071,OC_6,1F1G647FH1A003,A003,A,2,298.608,-88.768,14,4,-2.5205,0.6345,-1.5,0.0,20.0
544,G2647FB101FQ-007E,2019-06-14 08:33:34,L2E9521A1071,OC_6,1F1G647FH1A003,A003,A,2,-373.206,-88.776,5,4,3.7179,0.1845,-1.5,0.0,20.0
545,G2647FB101FQ-007E,2019-06-14 08:33:34,L2E9521A1071,OC_6,1F1G647FH1A003,A003,A,2,-298.56,408.855,6,1,3.0495,-4.9015,-1.5,0.0,20.0
546,G2647FB101FQ-007E,2019-06-14 08:33:34,L2E9521A1071,OC_6,1F1G647FH1A003,A003,A,2,-298.56,-88.775,6,4,2.7584,0.5456,-1.5,0.0,20.0
547,G2647FB101FQ-007E,2019-06-14 08:33:34,L2E9521A1071,OC_6,1F1G647FH1A003,A003,A,2,-223.914,408.854,7,1,3.4729,-3.8444,-1.5,0.0,20.0
548,G2647FB101FQ-007E,2019-06-14 08:33:34,L2E9521A1071,OC_6,1F1G647FH1A003,A003,A,2,-223.914,-88.775,7,4,3.3901,0.2776,-1.5,0.0,20.0
549,G2647FB101FQ-007E,2019-06-14 08:33:34,L2E9521A1071,OC_6,1F1G647FH1A003,A003,A,2,-149.268,408.853,8,1,1.4203,-2.2618,-1.5,0.0,20.0
550,G2647FB101FQ-007E,2019-06-14 08:33:34,L2E9521A1071,OC_6,1F1G647FH1A003,A003,A,2,-149.268,-88.774,8,4,0.5332,-0.2463,-1.5,0.0,20.0
551,G2647FB101FQ-007E,2019-06-14 08:33:34,L2E9521A1071,OC_6,1F1G647FH1A003,A003,A,2,-74.622,408.856,9,1,4.3966,-0.2745,-1.5,0.0,20.0
552,G2647FB101FQ-007E,2019-06-14 08:33:34,L2E9521A1071,OC_6,1F1G647FH1A003,A003,A,2,-74.622,-88.773,9,4,2.1408,0.2108,-1.5,0.0,20.0
553,G2647FB101FQ-007E,2019-06-14 08:33:34,L2E9521A1071,OC_6,1F1G647FH1A003,A003,A,2,0.024,408.857,10,1,2.9142,-0.4746,-1.5,0.0,20.0
554,G2647FB101FQ-007E,2019-06-14 08:33:34,L2E9521A1071,OC_6,1F1G647FH1A003,A003,A,2,0.024,-88.772,10,4,0.4427,-0.4333,-1.5,0.0,20.0
555,G2647FB101FQ-007E,2019-06-14 08:33:34,L2E9521A1071,OC_6,1F1G647FH1A003,A003,A,2,74.67,408.857,11,1,-0.0835,0.1835,-1.5,0.0,20.0
556,G2647FB101FQ-007E,2019-06-14 08:33:34,L2E9521A1071,OC_6,1F1G647FH1A003,A003,A,2,74.67,-88.772,11,4,-1.0238,-1.8555,-1.5,0.0,20.0
557,G2647FB101FQ-007E,2019-06-14 08:33:34,L2E9521A1071,OC_6,1F1G647FH1A003,A003,A,2,149.316,408.856,12,1,3.1073,-3.1439,-1.5,0.0,20.0
558,G2647FB101FQ-007E,2019-06-14 08:33:34,L2E9521A1071,OC_6,1F1G647FH1A003,A003,A,2,149.316,-88.771,12,4,-0.8944,-0.846,-1.5,0.0,20.0
559,G2647FB101FQ-007E,2019-06-14 08:33:34,L2E9521A1071,OC_6,1F1G647FH1A003,A003,A,2,223.962,408.858,13,1,1.5205,-1.6857,-1.5,0.0,20.0
560,G2647FB101FQ-007E,2019-06-14 08:33:34,L2E9521A1071,OC_6,1F1G647FH1A003,A003,A,2,223.962,-88.771,13,4,-4.6238,-0.4932,-1.5,0.0,20.0
561,G2647FB101FQ-007E,2019-06-14 08:33:34,L2E9521A1071,OC_6,1F1G647FH1A003,A003,A,2,-373.206,408.854,5,1,2.5012,-3.6271,-1.5,0.0,20.0
562,G2647FB101FQ-007E,2019-06-14 08:33:34,L2E9521A1071,OC_6,1F1G647FH1A003,A003,A,2,-447.852,-88.778,4,4,3.2751,0.032,-1.5,0.0,20.0
563,G2647FB101FQ-007E,2019-06-14 08:33:34,L2E9521A1071,OC_6,1F1G647FH1A003,A003,A,2,-447.852,408.853,4,1,1.5617,-5.7521,-1.5,0.0,20.0
564,G2647FB101FQ-007E,2019-06-14 08:33:34,L2E9521A1071,OC_6,1F1G647FH1A003,A003,A,2,-522.498,-88.78,3,4,2.3684,0.8179,-1.5,0.0,20.0
565,G2647FB101FQ-007E,2019-06-14 08:33:34,L2E9521A1071,OC_6,1F1G647FH1A003,A003,A,2,-671.79,408.856,1,1,2.1779,-2.0703,-1.5,0.0,20.0
566,G2647FB101FQ-007E,2019-06-14 08:33:34,L2E9521A1071,OC_6,1F1G647FH1A003,A003,A,2,-671.79,-88.776,1,4,-1.0182,-0.7829,-1.5,0.0,20.0
567,G2647FB101FQ-007E,2019-06-14 08:33:34,L2E9521A1071,OC_6,1F1G647FH1A003,A003,A,2,-597.144,408.853,2,1,1.9478,-4.6581,-1.5,0.0,20.0
568,G2647FB101FQ-007E,2019-06-14 08:33:34,L2E9521A1071,OC_6,1F1G647FH1A003,A003,A,2,-597.144,-88.778,2,4,-0.9139,-0.0102,-1.5,0.0,20.0
569,G2647FB101FQ-007E,2019-06-14 08:33:34,L2E9521A1071,OC_6,1F1G647FH1A003,A003,A,2,-522.498,408.852,3,1,3.1536,-4.7842,-1.5,0.0,20.0
